selection_id,level_id,level_name,level_type,icon_type,has_multiple_states,states_list,candidate_rank,candidate_name,candidate_path,preview_path,reason,relevance,risk,pair_recommendation
castle_normal.pickup.c1,castle_normal,Jardin d'Illusion,normal,pickup,non,,1,1F31F glowing star,/home/kali/apps/snake/design_boards/openemoji/color/svg/1F31F.svg,preview-assets/1F31F.svg,éclat brillant magique — forme star directe,fort,faible,
castle_normal.pickup.c2,castle_normal,Jardin d'Illusion,normal,pickup,non,,2,2728 sparkles,/home/kali/apps/snake/design_boards/openemoji/color/svg/2728.svg,preview-assets/2728.svg,étincelles multiples — magic scatter,fort,faible,
castle_normal.pickup.c3,castle_normal,Jardin d'Illusion,normal,pickup,non,,3,1F48E gem stone,/home/kali/apps/snake/design_boards/openemoji/color/svg/1F48E.svg,preview-assets/1F48E.svg,gemme cristal taillée — collectible précieux,fort,faible,
castle_normal.pickup.c4,castle_normal,Jardin d'Illusion,normal,pickup,non,,4,2B50 star,/home/kali/apps/snake/design_boards/openemoji/color/svg/2B50.svg,preview-assets/2B50.svg,étoile classique — universel pickup,fort,faible,
castle_normal.pickup.c5,castle_normal,Jardin d'Illusion,normal,pickup,non,,5,2605 white star,/home/kali/apps/snake/design_boards/openemoji/color/svg/2605.svg,preview-assets/2605.svg,étoile blanche — variante minimaliste,moyen,contraste fond sombre,
castle_normal.pickup.c6,castle_normal,Jardin d'Illusion,normal,pickup,non,,6,1FA84 magic wand,/home/kali/apps/snake/design_boards/openemoji/color/svg/1FA84.svg,preview-assets/1FA84.svg,baguette magique — univers château/magie,moyen,faible,
castle_normal.pickup.c7,castle_normal,Jardin d'Illusion,normal,pickup,non,,7,2747 sparkle,/home/kali/apps/snake/design_boards/openemoji/color/svg/2747.svg,preview-assets/2747.svg,étincelle unique — discret mais lisible,moyen,petit à 72px,
castle_normal.pickup.c8,castle_normal,Jardin d'Illusion,normal,pickup,non,,8,1F4AB dizzy stars,/home/kali/apps/snake/design_boards/openemoji/color/svg/1F4AB.svg,preview-assets/1F4AB.svg,étoiles tourbillonnantes — collecte dynamique,moyen,sens ambigu,
castle_normal.pickup.c9,castle_normal,Jardin d'Illusion,normal,pickup,non,,9,1F380 ribbon,/home/kali/apps/snake/design_boards/openemoji/color/svg/1F380.svg,preview-assets/1F380.svg,ruban cadeau — bonus précieux,faible,pas assez action,
castle_normal.pickup.c10,castle_normal,Jardin d'Illusion,normal,pickup,non,,10,1F525 fire,/home/kali/apps/snake/design_boards/openemoji/color/svg/1F525.svg,preview-assets/1F525.svg,"flamme — pickup énergétique, univers magique",faible,confondu obstacle,
castle_normal.obstacle_blinkWall.c1,castle_normal,Jardin d'Illusion,normal,obstacle_blinkWall,oui,ghost|warning|active,1,1F9F1 brick,/home/kali/apps/snake/design_boards/openemoji/color/svg/1F9F1.svg,preview-assets/1F9F1.svg,"brique — mur solide, direct pour état active",fort,faible,
castle_normal.obstacle_blinkWall.c2,castle_normal,Jardin d'Illusion,normal,obstacle_blinkWall,oui,ghost|warning|active,2,1F47B ghost,/home/kali/apps/snake/design_boards/openemoji/color/svg/1F47B.svg,preview-assets/1F47B.svg,fantôme — parfait pour état ghost translucide,fort,faible,
castle_normal.obstacle_blinkWall.c3,castle_normal,Jardin d'Illusion,normal,obstacle_blinkWall,oui,ghost|warning|active,3,1F512 locked,/home/kali/apps/snake/design_boards/openemoji/color/svg/1F512.svg,preview-assets/1F512.svg,"cadenas fermé — mur verrouillé, état active/bloquant",fort,faible,c4
castle_normal.obstacle_blinkWall.c4,castle_normal,Jardin d'Illusion,normal,obstacle_blinkWall,oui,ghost|warning|active,4,1F513 unlocked,/home/kali/apps/snake/design_boards/openemoji/color/svg/1F513.svg,preview-assets/1F513.svg,"cadenas ouvert — état ghost/inactif, paire avec locked",fort,faible,c3
castle_normal.obstacle_blinkWall.c5,castle_normal,Jardin d'Illusion,normal,obstacle_blinkWall,oui,ghost|warning|active,5,1F6E1 shield,/home/kali/apps/snake/design_boards/openemoji/color/svg/1F6E1.svg,preview-assets/1F6E1.svg,bouclier — obstacle protecteur bloquant,moyen,faible,
castle_normal.obstacle_blinkWall.c6,castle_normal,Jardin d'Illusion,normal,obstacle_blinkWall,oui,ghost|warning|active,6,1F3F0 castle,/home/kali/apps/snake/design_boards/openemoji/color/svg/1F3F0.svg,preview-assets/1F3F0.svg,"château — thème univers castle, trop global",moyen,trop grand,
castle_normal.obstacle_blinkWall.c7,castle_normal,Jardin d'Illusion,normal,obstacle_blinkWall,oui,ghost|warning|active,7,26A0 warning,/home/kali/apps/snake/design_boards/openemoji/color/svg/26A0.svg,preview-assets/26A0.svg,triangle danger — état warning parfait,moyen,générique,
castle_normal.obstacle_blinkWall.c8,castle_normal,Jardin d'Illusion,normal,obstacle_blinkWall,oui,ghost|warning|active,8,1F6D1 stop sign,/home/kali/apps/snake/design_boards/openemoji/color/svg/1F6D1.svg,preview-assets/1F6D1.svg,"stop — barrière arrêt, état active",moyen,couleur forte,
castle_normal.obstacle_blinkWall.c9,castle_normal,Jardin d'Illusion,normal,obstacle_blinkWall,oui,ghost|warning|active,9,26AB black circle,/home/kali/apps/snake/design_boards/openemoji/color/svg/26AB.svg,preview-assets/26AB.svg,cercle noir — obstacle minimal discret,faible,trop générique,
castle_normal.obstacle_blinkWall.c10,castle_normal,Jardin d'Illusion,normal,obstacle_blinkWall,oui,ghost|warning|active,10,1F4A5 collision,/home/kali/apps/snake/design_boards/openemoji/color/svg/1F4A5.svg,preview-assets/1F4A5.svg,collision — impact visuel fort état active,moyen,confondu effet,
castle_boss.boss_witchMirror.c1,castle_boss,La Sorcière au Miroir,boss,boss_witchMirror,oui,idle|warning|attacking|vulnerable|hit|defeated,1,1FA9E mirror,/home/kali/apps/snake/design_boards/openemoji/color/svg/1FA9E.svg,preview-assets/1FA9E.svg,miroir — correspondance exacte mechanic witchMirror,fort,faible,
castle_boss.boss_witchMirror.c2,castle_boss,La Sorcière au Miroir,boss,boss_witchMirror,oui,idle|warning|attacking|vulnerable|hit|defeated,2,1FAA9 mirror ball,/home/kali/apps/snake/design_boards/openemoji/color/svg/1FAA9.svg,preview-assets/1FAA9.svg,boule miroir — variante disco magique,fort,faible,
castle_boss.boss_witchMirror.c3,castle_boss,La Sorcière au Miroir,boss,boss_witchMirror,oui,idle|warning|attacking|vulnerable|hit|defeated,3,1F9D9-200D-2640-FE0F woman mage,/home/kali/apps/snake/design_boards/openemoji/color/svg/1F9D9-200D-2640-FE0F.svg,preview-assets/1F9D9-200D-2640-FE0F.svg,sorcière — correspondance directe thème boss,fort,skin tone,
castle_boss.boss_witchMirror.c4,castle_boss,La Sorcière au Miroir,boss,boss_witchMirror,oui,idle|warning|attacking|vulnerable|hit|defeated,4,1F52E crystal ball,/home/kali/apps/snake/design_boards/openemoji/color/svg/1F52E.svg,preview-assets/1F52E.svg,boule cristal — divination sorcière,fort,faible,
castle_boss.boss_witchMirror.c5,castle_boss,La Sorcière au Miroir,boss,boss_witchMirror,oui,idle|warning|attacking|vulnerable|hit|defeated,5,1F300 cyclone,/home/kali/apps/snake/design_boards/openemoji/color/svg/1F300.svg,preview-assets/1F300.svg,cyclone — attaque tourbillonnante sorcière,moyen,faible,
castle_boss.boss_witchMirror.c6,castle_boss,La Sorcière au Miroir,boss,boss_witchMirror,oui,idle|warning|attacking|vulnerable|hit|defeated,6,1F47C baby angel,/home/kali/apps/snake/design_boards/openemoji/color/svg/1F47C.svg,preview-assets/1F47C.svg,ange — fausse apparence innocente miroir,moyen,sens trompeur,
castle_boss.boss_witchMirror.c7,castle_boss,La Sorcière au Miroir,boss,boss_witchMirror,oui,idle|warning|attacking|vulnerable|hit|defeated,7,1F52A dagger,/home/kali/apps/snake/design_boards/openemoji/color/svg/1F52A.svg,preview-assets/1F52A.svg,"dague — menace directe, état attacking",moyen,générique danger,
castle_boss.boss_witchMirror.c8,castle_boss,La Sorcière au Miroir,boss,boss_witchMirror,oui,idle|warning|attacking|vulnerable|hit|defeated,8,1F31E sun,/home/kali/apps/snake/design_boards/openemoji/color/svg/1F31E.svg,preview-assets/1F31E.svg,soleil — lumière / miroir qui reflète,moyen,trop positif,
castle_boss.boss_witchMirror.c9,castle_boss,La Sorcière au Miroir,boss,boss_witchMirror,oui,idle|warning|attacking|vulnerable|hit|defeated,9,1F512 locked,/home/kali/apps/snake/design_boards/openemoji/color/svg/1F512.svg,preview-assets/1F512.svg,cadenas fermé — état idle miroir fermé,moyen,faible,
castle_boss.boss_witchMirror.c10,castle_boss,La Sorcière au Miroir,boss,boss_witchMirror,oui,idle|warning|attacking|vulnerable|hit|defeated,10,2728 sparkles,/home/kali/apps/snake/design_boards/openemoji/color/svg/2728.svg,preview-assets/2728.svg,étincelles — magie miroir scintillant,moyen,confondu pickup,
castle_boss.pickup_weakpoint.c1,castle_boss,La Sorcière au Miroir,boss,pickup_weakpoint,non,,1,1F31F glowing star,/home/kali/apps/snake/design_boards/openemoji/color/svg/1F31F.svg,preview-assets/1F31F.svg,éclat brillant magique — weakpoint lumineux,fort,faible,
castle_boss.pickup_weakpoint.c2,castle_boss,La Sorcière au Miroir,boss,pickup_weakpoint,non,,2,2728 sparkles,/home/kali/apps/snake/design_boards/openemoji/color/svg/2728.svg,preview-assets/2728.svg,étincelles — point faible scintillant,fort,faible,
castle_boss.pickup_weakpoint.c3,castle_boss,La Sorcière au Miroir,boss,pickup_weakpoint,non,,3,1F48E gem stone,/home/kali/apps/snake/design_boards/openemoji/color/svg/1F48E.svg,preview-assets/1F48E.svg,gemme cristal — weakpoint précieux à toucher,fort,faible,
castle_boss.pickup_weakpoint.c4,castle_boss,La Sorcière au Miroir,boss,pickup_weakpoint,non,,4,2B50 star,/home/kali/apps/snake/design_boards/openemoji/color/svg/2B50.svg,preview-assets/2B50.svg,étoile — weakpoint universel,fort,faible,
castle_boss.pickup_weakpoint.c5,castle_boss,La Sorcière au Miroir,boss,pickup_weakpoint,non,,5,2605 white star,/home/kali/apps/snake/design_boards/openemoji/color/svg/2605.svg,preview-assets/2605.svg,étoile blanche — variante claire,moyen,contraste,
castle_boss.pickup_weakpoint.c6,castle_boss,La Sorcière au Miroir,boss,pickup_weakpoint,non,,6,1FA84 magic wand,/home/kali/apps/snake/design_boards/openemoji/color/svg/1FA84.svg,preview-assets/1FA84.svg,baguette — taper le miroir avec la baguette,moyen,faible,
castle_boss.pickup_weakpoint.c7,castle_boss,La Sorcière au Miroir,boss,pickup_weakpoint,non,,7,1F4AB dizzy,/home/kali/apps/snake/design_boards/openemoji/color/svg/1F4AB.svg,preview-assets/1F4AB.svg,étoiles tourbillonnantes — effet hit,moyen,sens ambigu,
castle_boss.pickup_weakpoint.c8,castle_boss,La Sorcière au Miroir,boss,pickup_weakpoint,non,,8,1F536 large orange diamond,/home/kali/apps/snake/design_boards/openemoji/color/svg/1F536.svg,preview-assets/1F536.svg,diamant orange — cible boss brillante,moyen,faible,
castle_boss.pickup_weakpoint.c9,castle_boss,La Sorcière au Miroir,boss,pickup_weakpoint,non,,9,1F537 large blue diamond,/home/kali/apps/snake/design_boards/openemoji/color/svg/1F537.svg,preview-assets/1F537.svg,diamant bleu — variante bleue weakpoint,moyen,faible,
castle_boss.pickup_weakpoint.c10,castle_boss,La Sorcière au Miroir,boss,pickup_weakpoint,non,,10,2747 sparkle,/home/kali/apps/snake/design_boards/openemoji/color/svg/2747.svg,preview-assets/2747.svg,étincelle — weakpoint discret,faible,trop petit,
sonic_normal.pickup_ring.c1,sonic_normal,Zone des Anneaux,normal,pickup_ring,non,,1,1F48D ring,/home/kali/apps/snake/design_boards/openemoji/color/svg/1F48D.svg,preview-assets/1F48D.svg,anneau doré — iconique Sonic,fort,faible,
sonic_normal.pickup_ring.c2,sonic_normal,Zone des Anneaux,normal,pickup_ring,non,,2,1FA99 coin,/home/kali/apps/snake/design_boards/openemoji/color/svg/1FA99.svg,preview-assets/1FA99.svg,pièce ronde brillante — collectible circulaire,fort,faible,
sonic_normal.pickup_ring.c3,sonic_normal,Zone des Anneaux,normal,pickup_ring,non,,3,1F7E1 yellow circle,/home/kali/apps/snake/design_boards/openemoji/color/svg/1F7E1.svg,preview-assets/1F7E1.svg,cercle jaune — anneau simplifié,moyen,trop simple,
sonic_normal.pickup_ring.c4,sonic_normal,Zone des Anneaux,normal,pickup_ring,non,,4,1F7E0 orange circle,/home/kali/apps/snake/design_boards/openemoji/color/svg/1F7E0.svg,preview-assets/1F7E0.svg,cercle orange — variante chaude,moyen,trop simple,
sonic_normal.pickup_ring.c5,sonic_normal,Zone des Anneaux,normal,pickup_ring,non,,5,1F534 red circle,/home/kali/apps/snake/design_boards/openemoji/color/svg/1F534.svg,preview-assets/1F534.svg,cercle rouge — contraste élevé,faible,couleur danger,
sonic_normal.pickup_ring.c6,sonic_normal,Zone des Anneaux,normal,pickup_ring,non,,6,2B55 red circle large,/home/kali/apps/snake/design_boards/openemoji/color/svg/2B55.svg,preview-assets/2B55.svg,grand cercle — bague épurée,moyen,confondu obstacle,
sonic_normal.pickup_ring.c7,sonic_normal,Zone des Anneaux,normal,pickup_ring,non,,7,26AA white circle,/home/kali/apps/snake/design_boards/openemoji/color/svg/26AA.svg,preview-assets/26AA.svg,cercle blanc — anneau neutre,faible,faible contraste,
sonic_normal.pickup_ring.c8,sonic_normal,Zone des Anneaux,normal,pickup_ring,non,,8,1F440 eyes,/home/kali/apps/snake/design_boards/openemoji/color/svg/1F440.svg,preview-assets/1F440.svg,yeux — anneaux style cartoon eyes,faible,sens incohérent,
sonic_normal.pickup_ring.c9,sonic_normal,Zone des Anneaux,normal,pickup_ring,non,,9,1F300 cyclone,/home/kali/apps/snake/design_boards/openemoji/color/svg/1F300.svg,preview-assets/1F300.svg,spirale anneau — mouvement circulaire,moyen,trop complexe,
sonic_normal.pickup_ring.c10,sonic_normal,Zone des Anneaux,normal,pickup_ring,non,,10,1F380 ribbon,/home/kali/apps/snake/design_boards/openemoji/color/svg/1F380.svg,preview-assets/1F380.svg,ruban — forme anneau fermé,faible,trop décoratif,
sonic_normal.obstacle_chainRing.c1,sonic_normal,Zone des Anneaux,normal,obstacle_chainRing,oui,active|inactive,1,1F48D ring,/home/kali/apps/snake/design_boards/openemoji/color/svg/1F48D.svg,preview-assets/1F48D.svg,"anneau — état active doré, inactive terne",fort,faible,
sonic_normal.obstacle_chainRing.c2,sonic_normal,Zone des Anneaux,normal,obstacle_chainRing,oui,active|inactive,2,1FA99 coin,/home/kali/apps/snake/design_boards/openemoji/color/svg/1FA99.svg,preview-assets/1FA99.svg,"pièce — actif brillant, inactif mat",fort,faible,
sonic_normal.obstacle_chainRing.c3,sonic_normal,Zone des Anneaux,normal,obstacle_chainRing,oui,active|inactive,3,26AA white circle,/home/kali/apps/snake/design_boards/openemoji/color/svg/26AA.svg,preview-assets/26AA.svg,"cercle — anneau inactif neutre, paire avec 1FA99",moyen,faible contraste,c2
sonic_normal.obstacle_chainRing.c4,sonic_normal,Zone des Anneaux,normal,obstacle_chainRing,oui,active|inactive,4,1F7E1 yellow circle,/home/kali/apps/snake/design_boards/openemoji/color/svg/1F7E1.svg,preview-assets/1F7E1.svg,jaune — active lumineux,moyen,trop simple,
sonic_normal.obstacle_chainRing.c5,sonic_normal,Zone des Anneaux,normal,obstacle_chainRing,oui,active|inactive,5,1F534 red circle,/home/kali/apps/snake/design_boards/openemoji/color/svg/1F534.svg,preview-assets/1F534.svg,rouge — état danger dans chaîne,faible,sens danger,
sonic_normal.obstacle_chainRing.c6,sonic_normal,Zone des Anneaux,normal,obstacle_chainRing,oui,active|inactive,6,27B0 curly loop,/home/kali/apps/snake/design_boards/openemoji/color/svg/27B0.svg,preview-assets/27B0.svg,boucle — forme anneau décoratif,moyen,trop stylisé,
sonic_normal.obstacle_chainRing.c7,sonic_normal,Zone des Anneaux,normal,obstacle_chainRing,oui,active|inactive,7,1F300 cyclone,/home/kali/apps/snake/design_boards/openemoji/color/svg/1F300.svg,preview-assets/1F300.svg,spirale — anneaux tournants,moyen,trop complexe,
sonic_normal.obstacle_chainRing.c8,sonic_normal,Zone des Anneaux,normal,obstacle_chainRing,oui,active|inactive,8,2B55 hollow circle,/home/kali/apps/snake/design_boards/openemoji/color/svg/2B55.svg,preview-assets/2B55.svg,cercle vide — inactive évident,moyen,confus,
sonic_normal.obstacle_chainRing.c9,sonic_normal,Zone des Anneaux,normal,obstacle_chainRing,oui,active|inactive,9,1F9E8 firecracker,/home/kali/apps/snake/design_boards/openemoji/color/svg/1F9E8.svg,preview-assets/1F9E8.svg,pétard — anneau qui explose si mal collecté,faible,hors thème,
sonic_normal.obstacle_chainRing.c10,sonic_normal,Zone des Anneaux,normal,obstacle_chainRing,oui,active|inactive,10,1F536 orange diamond,/home/kali/apps/snake/design_boards/openemoji/color/svg/1F536.svg,preview-assets/1F536.svg,diamant — variante forme alternative,faible,forme erronée,
sonic_boss.boss_loopSerpent.c1,sonic_boss,Le Serpent des Boucles,boss,boss_loopSerpent,oui,orb|body,1,1F40D snake,/home/kali/apps/snake/design_boards/openemoji/color/svg/1F40D.svg,preview-assets/1F40D.svg,serpent — thème direct loopSerpent,fort,faible,
sonic_boss.boss_loopSerpent.c2,sonic_boss,Le Serpent des Boucles,boss,boss_loopSerpent,oui,orb|body,2,1F409 dragon,/home/kali/apps/snake/design_boards/openemoji/color/svg/1F409.svg,preview-assets/1F409.svg,dragon — serpent boss puissant,fort,faible,
sonic_boss.boss_loopSerpent.c3,sonic_boss,Le Serpent des Boucles,boss,boss_loopSerpent,oui,orb|body,3,1F432 dragon face,/home/kali/apps/snake/design_boards/openemoji/color/svg/1F432.svg,preview-assets/1F432.svg,tête dragon — face boss serpent,fort,faible,
sonic_boss.boss_loopSerpent.c4,sonic_boss,Le Serpent des Boucles,boss,boss_loopSerpent,oui,orb|body,4,27B0 curly loop,/home/kali/apps/snake/design_boards/openemoji/color/svg/27B0.svg,preview-assets/27B0.svg,boucle — mécanique loop du serpent,fort,faible,
sonic_boss.boss_loopSerpent.c5,sonic_boss,Le Serpent des Boucles,boss,boss_loopSerpent,oui,orb|body,5,1F98E lizard,/home/kali/apps/snake/design_boards/openemoji/color/svg/1F98E.svg,preview-assets/1F98E.svg,lézard — reptile serpent,moyen,trop petit,
sonic_boss.boss_loopSerpent.c6,sonic_boss,Le Serpent des Boucles,boss,boss_loopSerpent,oui,orb|body,6,1F41A spiral shell,/home/kali/apps/snake/design_boards/openemoji/color/svg/1F41A.svg,preview-assets/1F41A.svg,coquillage spirale — boucle en spirale,moyen,faible,
sonic_boss.boss_loopSerpent.c7,sonic_boss,Le Serpent des Boucles,boss,boss_loopSerpent,oui,orb|body,7,1F420 tropical fish,/home/kali/apps/snake/design_boards/openemoji/color/svg/1F420.svg,preview-assets/1F420.svg,poisson — mouvement ondulant comme serpent,faible,hors thème,
sonic_boss.boss_loopSerpent.c8,sonic_boss,Le Serpent des Boucles,boss,boss_loopSerpent,oui,orb|body,8,1F9F8 teddy bear,/home/kali/apps/snake/design_boards/openemoji/color/svg/1F9F8.svg,preview-assets/1F9F8.svg,ours — corps serpent peluche,faible,incohérent,
sonic_boss.boss_loopSerpent.c9,sonic_boss,Le Serpent des Boucles,boss,boss_loopSerpent,oui,orb|body,9,1F500 shuffle,/home/kali/apps/snake/design_boards/openemoji/color/svg/1F500.svg,preview-assets/1F500.svg,shuffle — trajectoire aléatoire loop,moyen,trop abstrait,
sonic_boss.boss_loopSerpent.c10,sonic_boss,Le Serpent des Boucles,boss,boss_loopSerpent,oui,orb|body,10,1F9DF zombie,/home/kali/apps/snake/design_boards/openemoji/color/svg/1F9DF.svg,preview-assets/1F9DF.svg,zombie — boss résistant,faible,hors thème,
sonic_boss.pickup_ring.c1,sonic_boss,Le Serpent des Boucles,boss,pickup_ring,non,,1,1F48D ring,/home/kali/apps/snake/design_boards/openemoji/color/svg/1F48D.svg,preview-assets/1F48D.svg,anneau doré — weakpoint queue serpent,fort,faible,
sonic_boss.pickup_ring.c2,sonic_boss,Le Serpent des Boucles,boss,pickup_ring,non,,2,1FA99 coin,/home/kali/apps/snake/design_boards/openemoji/color/svg/1FA99.svg,preview-assets/1FA99.svg,pièce — collectible orbe queue,fort,faible,
sonic_boss.pickup_ring.c3,sonic_boss,Le Serpent des Boucles,boss,pickup_ring,non,,3,1F7E1 yellow circle,/home/kali/apps/snake/design_boards/openemoji/color/svg/1F7E1.svg,preview-assets/1F7E1.svg,cercle jaune — orbe simple,moyen,trop simple,
sonic_boss.pickup_ring.c4,sonic_boss,Le Serpent des Boucles,boss,pickup_ring,non,,4,2B55 hollow red circle,/home/kali/apps/snake/design_boards/openemoji/color/svg/2B55.svg,preview-assets/2B55.svg,cercle creux — cible orbe,moyen,couleur danger,
sonic_boss.pickup_ring.c5,sonic_boss,Le Serpent des Boucles,boss,pickup_ring,non,,5,26AA white circle,/home/kali/apps/snake/design_boards/openemoji/color/svg/26AA.svg,preview-assets/26AA.svg,cercle blanc — orbe neutre,faible,faible contraste,
sonic_boss.pickup_ring.c6,sonic_boss,Le Serpent des Boucles,boss,pickup_ring,non,,6,1F300 cyclone,/home/kali/apps/snake/design_boards/openemoji/color/svg/1F300.svg,preview-assets/1F300.svg,cyclone — orbe tourbillonnant,moyen,trop complexe,
sonic_boss.pickup_ring.c7,sonic_boss,Le Serpent des Boucles,boss,pickup_ring,non,,7,27B0 curly loop,/home/kali/apps/snake/design_boards/openemoji/color/svg/27B0.svg,preview-assets/27B0.svg,boucle — queue du serpent,moyen,forme anneau,
sonic_boss.pickup_ring.c8,sonic_boss,Le Serpent des Boucles,boss,pickup_ring,non,,8,1F536 orange diamond,/home/kali/apps/snake/design_boards/openemoji/color/svg/1F536.svg,preview-assets/1F536.svg,diamant orange — orbe alternatif,faible,forme erronée,
sonic_boss.pickup_ring.c9,sonic_boss,Le Serpent des Boucles,boss,pickup_ring,non,,9,1F7E0 orange circle,/home/kali/apps/snake/design_boards/openemoji/color/svg/1F7E0.svg,preview-assets/1F7E0.svg,cercle orange — orbe chaud,moyen,trop simple,
sonic_boss.pickup_ring.c10,sonic_boss,Le Serpent des Boucles,boss,pickup_ring,non,,10,1F534 red circle,/home/kali/apps/snake/design_boards/openemoji/color/svg/1F534.svg,preview-assets/1F534.svg,cercle rouge — orbe danger,faible,sens danger,
streets_normal.pickup_bonus.c1,streets_normal,La Rue des Combos,normal,pickup_bonus,non,,1,1F48E gem stone,/home/kali/apps/snake/design_boards/openemoji/color/svg/1F48E.svg,preview-assets/1F48E.svg,gemme taillée — diamant iconique bonus,fort,faible,
streets_normal.pickup_bonus.c2,streets_normal,La Rue des Combos,normal,pickup_bonus,non,,2,1F536 large orange diamond,/home/kali/apps/snake/design_boards/openemoji/color/svg/1F536.svg,preview-assets/1F536.svg,diamant orange — forme directe,fort,faible,
streets_normal.pickup_bonus.c3,streets_normal,La Rue des Combos,normal,pickup_bonus,non,,3,1F537 large blue diamond,/home/kali/apps/snake/design_boards/openemoji/color/svg/1F537.svg,preview-assets/1F537.svg,diamant bleu — variante froide,fort,faible,
streets_normal.pickup_bonus.c4,streets_normal,La Rue des Combos,normal,pickup_bonus,non,,4,2666 diamond suit,/home/kali/apps/snake/design_boards/openemoji/color/svg/2666.svg,preview-assets/2666.svg,carreau — diamant stylisé jeu de cartes,fort,faible,
streets_normal.pickup_bonus.c5,streets_normal,La Rue des Combos,normal,pickup_bonus,non,,5,1FA99 coin,/home/kali/apps/snake/design_boards/openemoji/color/svg/1FA99.svg,preview-assets/1FA99.svg,pièce — bonus monétaire rue,moyen,forme circulaire,
streets_normal.pickup_bonus.c6,streets_normal,La Rue des Combos,normal,pickup_bonus,non,,6,1F4A5 collision,/home/kali/apps/snake/design_boards/openemoji/color/svg/1F4A5.svg,preview-assets/1F4A5.svg,collision — bonus de combo impact,moyen,confondu obstacle,
streets_normal.pickup_bonus.c7,streets_normal,La Rue des Combos,normal,pickup_bonus,non,,7,1F525 fire,/home/kali/apps/snake/design_boards/openemoji/color/svg/1F525.svg,preview-assets/1F525.svg,flamme — pickup combo chaud,moyen,confondu obstacle,
streets_normal.pickup_bonus.c8,streets_normal,La Rue des Combos,normal,pickup_bonus,non,,8,2B50 star,/home/kali/apps/snake/design_boards/openemoji/color/svg/2B50.svg,preview-assets/2B50.svg,étoile — bonus universel,moyen,générique,
streets_normal.pickup_bonus.c9,streets_normal,La Rue des Combos,normal,pickup_bonus,non,,9,1F31F glowing star,/home/kali/apps/snake/design_boards/openemoji/color/svg/1F31F.svg,preview-assets/1F31F.svg,étoile brillante — bonus premium,moyen,générique,
streets_normal.pickup_bonus.c10,streets_normal,La Rue des Combos,normal,pickup_bonus,non,,10,1F4AB dizzy,/home/kali/apps/snake/design_boards/openemoji/color/svg/1F4AB.svg,preview-assets/1F4AB.svg,étoiles tourbillonnantes — combo chain daze,moyen,sens ambigu,
streets_normal.obstacle_crowdBlocker.c1,streets_normal,La Rue des Combos,normal,obstacle_crowdBlocker,oui,static|moving|warning|charging|danger,1,1F46A family,/home/kali/apps/snake/design_boards/openemoji/color/svg/1F46A.svg,preview-assets/1F46A.svg,famille — foule civile bloquante rue,fort,faible,
streets_normal.obstacle_crowdBlocker.c2,streets_normal,La Rue des Combos,normal,obstacle_crowdBlocker,oui,static|moving|warning|charging|danger,2,1F6B6 person walking,/home/kali/apps/snake/design_boards/openemoji/color/svg/1F6B6.svg,preview-assets/1F6B6.svg,piéton — badaud mobile dans rue,fort,faible,
streets_normal.obstacle_crowdBlocker.c3,streets_normal,La Rue des Combos,normal,obstacle_crowdBlocker,oui,static|moving|warning|charging|danger,3,1F3C3 person running,/home/kali/apps/snake/design_boards/openemoji/color/svg/1F3C3.svg,preview-assets/1F3C3.svg,coureur — charging state sprint dangereux,fort,faible,c2
streets_normal.obstacle_crowdBlocker.c4,streets_normal,La Rue des Combos,normal,obstacle_crowdBlocker,oui,static|moving|warning|charging|danger,4,1F477 construction worker,/home/kali/apps/snake/design_boards/openemoji/color/svg/1F477.svg,preview-assets/1F477.svg,travailleur — bloqueur de chantier,fort,faible,
streets_normal.obstacle_crowdBlocker.c5,streets_normal,La Rue des Combos,normal,obstacle_crowdBlocker,oui,static|moving|warning|charging|danger,5,1F4A8 dashing away,/home/kali/apps/snake/design_boards/openemoji/color/svg/1F4A8.svg,preview-assets/1F4A8.svg,rush — effet de charge dangerous,moyen,faible,
streets_normal.obstacle_crowdBlocker.c6,streets_normal,La Rue des Combos,normal,obstacle_crowdBlocker,oui,static|moving|warning|charging|danger,6,1F4A2 anger,/home/kali/apps/snake/design_boards/openemoji/color/svg/1F4A2.svg,preview-assets/1F4A2.svg,colère — badaud énervé charging,moyen,trop abstrait,
streets_normal.obstacle_crowdBlocker.c7,streets_normal,La Rue des Combos,normal,obstacle_crowdBlocker,oui,static|moving|warning|charging|danger,7,1F9D1 person,/home/kali/apps/snake/design_boards/openemoji/color/svg/1F9D1.svg,preview-assets/1F9D1.svg,personne — générique foule,moyen,générique,
streets_normal.obstacle_crowdBlocker.c8,streets_normal,La Rue des Combos,normal,obstacle_crowdBlocker,oui,static|moving|warning|charging|danger,8,1F9DF zombie,/home/kali/apps/snake/design_boards/openemoji/color/svg/1F9DF.svg,preview-assets/1F9DF.svg,zombie — foule hostile,faible,hors thème,
streets_normal.obstacle_crowdBlocker.c9,streets_normal,La Rue des Combos,normal,obstacle_crowdBlocker,oui,static|moving|warning|charging|danger,9,1F939 juggler,/home/kali/apps/snake/design_boards/openemoji/color/svg/1F939.svg,preview-assets/1F939.svg,jongleur — obstacle spectacle rue,faible,trop spécifique,
streets_normal.obstacle_crowdBlocker.c10,streets_normal,La Rue des Combos,normal,obstacle_crowdBlocker,oui,static|moving|warning|charging|danger,10,1F5E3 speaking head,/home/kali/apps/snake/design_boards/openemoji/color/svg/1F5E3.svg,preview-assets/1F5E3.svg,foule parlante — bruit ambiance,faible,incohérent gameplay,
streets_boss.boss_crimeLord.c1,streets_boss,Le Parrain des Rues,boss,boss_crimeLord,oui,pressure|vulnerable,1,1F574 man in suit,/home/kali/apps/snake/design_boards/openemoji/color/svg/1F574.svg,preview-assets/1F574.svg,homme costume — parrain des rues direct,fort,faible,
streets_boss.boss_crimeLord.c2,streets_boss,Le Parrain des Rues,boss,boss_crimeLord,oui,pressure|vulnerable,2,1F477 worker,/home/kali/apps/snake/design_boards/openemoji/color/svg/1F477.svg,preview-assets/1F477.svg,ouvrier casqué — chef de chantier autoritaire,moyen,faible,
streets_boss.boss_crimeLord.c3,streets_boss,Le Parrain des Rues,boss,boss_crimeLord,oui,pressure|vulnerable,3,1F5E3 megaphone,/home/kali/apps/snake/design_boards/openemoji/color/svg/1F5E3.svg,preview-assets/1F5E3.svg,mégaphone — boss qui commande la foule,moyen,faible,
streets_boss.boss_crimeLord.c4,streets_boss,Le Parrain des Rues,boss,boss_crimeLord,oui,pressure|vulnerable,4,1F939 juggler,/home/kali/apps/snake/design_boards/openemoji/color/svg/1F939.svg,preview-assets/1F939.svg,jongleur — boss spectacle de rue retors,moyen,trop joyeux,
streets_boss.boss_crimeLord.c5,streets_boss,Le Parrain des Rues,boss,boss_crimeLord,oui,pressure|vulnerable,5,1F4A3 bomb,/home/kali/apps/snake/design_boards/openemoji/color/svg/1F4A3.svg,preview-assets/1F4A3.svg,bombe — boss dangereux explosion,fort,générique danger,
streets_boss.boss_crimeLord.c6,streets_boss,Le Parrain des Rues,boss,boss_crimeLord,oui,pressure|vulnerable,6,1F4BA office chair,/home/kali/apps/snake/design_boards/openemoji/color/svg/1F4BA.svg,preview-assets/1F4BA.svg,fauteuil — parrain assis qui dirige,moyen,trop statique,
streets_boss.boss_crimeLord.c7,streets_boss,Le Parrain des Rues,boss,boss_crimeLord,oui,pressure|vulnerable,7,1FA83 boomerang,/home/kali/apps/snake/design_boards/openemoji/color/svg/1FA83.svg,preview-assets/1FA83.svg,boomerang — attaque qui revient,moyen,faible,
streets_boss.boss_crimeLord.c8,streets_boss,Le Parrain des Rues,boss,boss_crimeLord,oui,pressure|vulnerable,8,1F9E5 lab coat,/home/kali/apps/snake/design_boards/openemoji/color/svg/1F9E5.svg,preview-assets/1F9E5.svg,blouse — boss scientifique,faible,hors thème,
streets_boss.boss_crimeLord.c9,streets_boss,Le Parrain des Rues,boss,boss_crimeLord,oui,pressure|vulnerable,9,1F97D goggles,/home/kali/apps/snake/design_boards/openemoji/color/svg/1F97D.svg,preview-assets/1F97D.svg,lunettes — boss masqué,faible,trop accessoire,
streets_boss.boss_crimeLord.c10,streets_boss,Le Parrain des Rues,boss,boss_crimeLord,oui,pressure|vulnerable,10,1F47A goblin,/home/kali/apps/snake/design_boards/openemoji/color/svg/1F47A.svg,preview-assets/1F47A.svg,gobelin — boss mauvais comploteur,moyen,hors univers,
streets_boss.pickup_bonus.c1,streets_boss,Le Parrain des Rues,boss,pickup_bonus,non,,1,1F48E gem stone,/home/kali/apps/snake/design_boards/openemoji/color/svg/1F48E.svg,preview-assets/1F48E.svg,gemme — bonus boss précieux,fort,faible,
streets_boss.pickup_bonus.c2,streets_boss,Le Parrain des Rues,boss,pickup_bonus,non,,2,1F536 orange diamond,/home/kali/apps/snake/design_boards/openemoji/color/svg/1F536.svg,preview-assets/1F536.svg,diamant orange — bonus chaud boss,fort,faible,
streets_boss.pickup_bonus.c3,streets_boss,Le Parrain des Rues,boss,pickup_bonus,non,,3,1F537 blue diamond,/home/kali/apps/snake/design_boards/openemoji/color/svg/1F537.svg,preview-assets/1F537.svg,diamant bleu — bonus froid,fort,faible,
streets_boss.pickup_bonus.c4,streets_boss,Le Parrain des Rues,boss,pickup_bonus,non,,4,2666 diamond suit,/home/kali/apps/snake/design_boards/openemoji/color/svg/2666.svg,preview-assets/2666.svg,carreau — diamant cartes,fort,faible,
streets_boss.pickup_bonus.c5,streets_boss,Le Parrain des Rues,boss,pickup_bonus,non,,5,1FA99 coin,/home/kali/apps/snake/design_boards/openemoji/color/svg/1FA99.svg,preview-assets/1FA99.svg,pièce — récompense boss,moyen,forme circulaire,
streets_boss.pickup_bonus.c6,streets_boss,Le Parrain des Rues,boss,pickup_bonus,non,,6,2B50 star,/home/kali/apps/snake/design_boards/openemoji/color/svg/2B50.svg,preview-assets/2B50.svg,étoile — bonus général,moyen,générique,
streets_boss.pickup_bonus.c7,streets_boss,Le Parrain des Rues,boss,pickup_bonus,non,,7,1F31F glowing star,/home/kali/apps/snake/design_boards/openemoji/color/svg/1F31F.svg,preview-assets/1F31F.svg,étoile brillante — bonus premium,moyen,générique,
streets_boss.pickup_bonus.c8,streets_boss,Le Parrain des Rues,boss,pickup_bonus,non,,8,1F4AB dizzy,/home/kali/apps/snake/design_boards/openemoji/color/svg/1F4AB.svg,preview-assets/1F4AB.svg,étoiles — impact combo,moyen,ambigu,
streets_boss.pickup_bonus.c9,streets_boss,Le Parrain des Rues,boss,pickup_bonus,non,,9,1F525 fire,/home/kali/apps/snake/design_boards/openemoji/color/svg/1F525.svg,preview-assets/1F525.svg,flamme — pickup combo chaud,moyen,confondu obstacle,
streets_boss.pickup_bonus.c10,streets_boss,Le Parrain des Rues,boss,pickup_bonus,non,,10,1F4A5 collision,/home/kali/apps/snake/design_boards/openemoji/color/svg/1F4A5.svg,preview-assets/1F4A5.svg,collision — bonus impact,moyen,confondu,
fighter_normal.pickup_energy.c1,fighter_normal,L'Arène du Guerrier,normal,pickup_energy,non,,1,26A1 lightning,/home/kali/apps/snake/design_boards/openemoji/color/svg/26A1.svg,preview-assets/26A1.svg,éclair — énergie directe fighter,fort,faible,
fighter_normal.pickup_energy.c2,fighter_normal,L'Arène du Guerrier,normal,pickup_energy,non,,2,1F9E8 firecracker,/home/kali/apps/snake/design_boards/openemoji/color/svg/1F9E8.svg,preview-assets/1F9E8.svg,pétard — énergie explosive fighter,fort,faible,
fighter_normal.pickup_energy.c3,fighter_normal,L'Arène du Guerrier,normal,pickup_energy,non,,3,1F525 fire,/home/kali/apps/snake/design_boards/openemoji/color/svg/1F525.svg,preview-assets/1F525.svg,flamme — énergie combative,fort,faible,
fighter_normal.pickup_energy.c4,fighter_normal,L'Arène du Guerrier,normal,pickup_energy,non,,4,1F4A5 collision,/home/kali/apps/snake/design_boards/openemoji/color/svg/1F4A5.svg,preview-assets/1F4A5.svg,collision — impact énergie,fort,confondu effet vfx,
fighter_normal.pickup_energy.c5,fighter_normal,L'Arène du Guerrier,normal,pickup_energy,non,,5,1F44A oncoming fist,/home/kali/apps/snake/design_boards/openemoji/color/svg/1F44A.svg,preview-assets/1F44A.svg,poing — energy punch fighter,fort,skin tone,
fighter_normal.pickup_energy.c6,fighter_normal,L'Arène du Guerrier,normal,pickup_energy,non,,6,1F94B martial arts uniform,/home/kali/apps/snake/design_boards/openemoji/color/svg/1F94B.svg,preview-assets/1F94B.svg,karatégi — uniforme energy fighter,moyen,faible,
fighter_normal.pickup_energy.c7,fighter_normal,L'Arène du Guerrier,normal,pickup_energy,non,,7,1F93A fencer,/home/kali/apps/snake/design_boards/openemoji/color/svg/1F93A.svg,preview-assets/1F93A.svg,escrimeur — fighter energy épée,moyen,faible,
fighter_normal.pickup_energy.c8,fighter_normal,L'Arène du Guerrier,normal,pickup_energy,non,,8,1F4AA flexed bicep,/home/kali/apps/snake/design_boards/openemoji/color/svg/1F4AA.svg,preview-assets/1F4AA.svg,biceps — énergie musculaire,moyen,skin tone,
fighter_normal.pickup_energy.c9,fighter_normal,L'Arène du Guerrier,normal,pickup_energy,non,,9,1F9B5 leg,/home/kali/apps/snake/design_boards/openemoji/color/svg/1F9B5.svg,preview-assets/1F9B5.svg,jambe — energy kick,faible,trop littéral,
fighter_normal.pickup_energy.c10,fighter_normal,L'Arène du Guerrier,normal,pickup_energy,non,,10,1F454 necktie,/home/kali/apps/snake/design_boards/openemoji/color/svg/1F454.svg,preview-assets/1F454.svg,cravate — dressed to fight,faible,hors thème,
fighter_normal.obstacle_sparZone.c1,fighter_normal,L'Arène du Guerrier,normal,obstacle_sparZone,non,,1,26A1 lightning,/home/kali/apps/snake/design_boards/openemoji/color/svg/26A1.svg,preview-assets/26A1.svg,éclair — zone électrique sparring,fort,faible,
fighter_normal.obstacle_sparZone.c2,fighter_normal,L'Arène du Guerrier,normal,obstacle_sparZone,non,,2,1F9E8 firecracker,/home/kali/apps/snake/design_boards/openemoji/color/svg/1F9E8.svg,preview-assets/1F9E8.svg,pétard — zone explosion sparring,fort,faible,
fighter_normal.obstacle_sparZone.c3,fighter_normal,L'Arène du Guerrier,normal,obstacle_sparZone,non,,3,1F525 fire,/home/kali/apps/snake/design_boards/openemoji/color/svg/1F525.svg,preview-assets/1F525.svg,flamme — zone feu danger,fort,confondu pickup,
fighter_normal.obstacle_sparZone.c4,fighter_normal,L'Arène du Guerrier,normal,obstacle_sparZone,non,,4,1F94B martial arts,/home/kali/apps/snake/design_boards/openemoji/color/svg/1F94B.svg,preview-assets/1F94B.svg,karatégi — zone combat,fort,faible,
fighter_normal.obstacle_sparZone.c5,fighter_normal,L'Arène du Guerrier,normal,obstacle_sparZone,non,,5,1F93A fencer,/home/kali/apps/snake/design_boards/openemoji/color/svg/1F93A.svg,preview-assets/1F93A.svg,escrimeur — zone escrime,moyen,faible,
fighter_normal.obstacle_sparZone.c6,fighter_normal,L'Arène du Guerrier,normal,obstacle_sparZone,non,,6,2694 crossed swords,/home/kali/apps/snake/design_boards/openemoji/color/svg/2694.svg,preview-assets/2694.svg,épées croisées — zone combat danger,fort,faible,
fighter_normal.obstacle_sparZone.c7,fighter_normal,L'Arène du Guerrier,normal,obstacle_sparZone,non,,7,1FA96 military helmet,/home/kali/apps/snake/design_boards/openemoji/color/svg/1FA96.svg,preview-assets/1FA96.svg,casque — zone combative,moyen,faible,
fighter_normal.obstacle_sparZone.c8,fighter_normal,L'Arène du Guerrier,normal,obstacle_sparZone,non,,8,1F4A5 collision,/home/kali/apps/snake/design_boards/openemoji/color/svg/1F4A5.svg,preview-assets/1F4A5.svg,collision — zone impact,moyen,confondu effect,
fighter_normal.obstacle_sparZone.c9,fighter_normal,L'Arène du Guerrier,normal,obstacle_sparZone,non,,9,1F576 sunglasses,/home/kali/apps/snake/design_boards/openemoji/color/svg/1F576.svg,preview-assets/1F576.svg,lunettes — zone cool fighter,faible,incohérent,
fighter_normal.obstacle_sparZone.c10,fighter_normal,L'Arène du Guerrier,normal,obstacle_sparZone,non,,10,1F5E1 dagger,/home/kali/apps/snake/design_boards/openemoji/color/svg/1F5E1.svg,preview-assets/1F5E1.svg,dague — zone tranchante,moyen,faible,
fighter_normal.indicator_chargeGlow.c1,fighter_normal,L'Arène du Guerrier,normal,indicator_chargeGlow,non,,1,26A1 lightning,/home/kali/apps/snake/design_boards/openemoji/color/svg/26A1.svg,preview-assets/26A1.svg,éclair — charge prête electrique,fort,faible,
fighter_normal.indicator_chargeGlow.c2,fighter_normal,L'Arène du Guerrier,normal,indicator_chargeGlow,non,,2,1F31F glowing star,/home/kali/apps/snake/design_boards/openemoji/color/svg/1F31F.svg,preview-assets/1F31F.svg,étoile brillante — charge prête lumineux,fort,faible,
fighter_normal.indicator_chargeGlow.c3,fighter_normal,L'Arène du Guerrier,normal,indicator_chargeGlow,non,,3,1F525 fire,/home/kali/apps/snake/design_boards/openemoji/color/svg/1F525.svg,preview-assets/1F525.svg,flamme — charge prête combustion,fort,confondu danger,
fighter_normal.indicator_chargeGlow.c4,fighter_normal,L'Arène du Guerrier,normal,indicator_chargeGlow,non,,4,1F536 orange diamond,/home/kali/apps/snake/design_boards/openemoji/color/svg/1F536.svg,preview-assets/1F536.svg,diamant orange — indicator de charge,moyen,faible,
fighter_normal.indicator_chargeGlow.c5,fighter_normal,L'Arène du Guerrier,normal,indicator_chargeGlow,non,,5,1F9E8 firecracker,/home/kali/apps/snake/design_boards/openemoji/color/svg/1F9E8.svg,preview-assets/1F9E8.svg,pétard — charge explosive prête,moyen,faible,
fighter_normal.indicator_chargeGlow.c6,fighter_normal,L'Arène du Guerrier,normal,indicator_chargeGlow,non,,6,2728 sparkles,/home/kali/apps/snake/design_boards/openemoji/color/svg/2728.svg,preview-assets/2728.svg,étincelles — charge scintillante,moyen,confondu pickup,
fighter_normal.indicator_chargeGlow.c7,fighter_normal,L'Arène du Guerrier,normal,indicator_chargeGlow,non,,7,1F4AB dizzy,/home/kali/apps/snake/design_boards/openemoji/color/svg/1F4AB.svg,preview-assets/1F4AB.svg,étoiles tourbillonnantes — indicator charge,moyen,confondu pickup,
fighter_normal.indicator_chargeGlow.c8,fighter_normal,L'Arène du Guerrier,normal,indicator_chargeGlow,non,,8,1F53A red triangle up,/home/kali/apps/snake/design_boards/openemoji/color/svg/1F53A.svg,preview-assets/1F53A.svg,triangle rouge haut — charge direction,faible,trop directionnel,
fighter_normal.indicator_chargeGlow.c9,fighter_normal,L'Arène du Guerrier,normal,indicator_chargeGlow,non,,9,1F7E1 yellow circle,/home/kali/apps/snake/design_boards/openemoji/color/svg/1F7E1.svg,preview-assets/1F7E1.svg,cercle jaune — glow ready simplifié,faible,trop basique,
fighter_normal.indicator_chargeGlow.c10,fighter_normal,L'Arène du Guerrier,normal,indicator_chargeGlow,non,,10,1FA87 maracas,/home/kali/apps/snake/design_boards/openemoji/color/svg/1FA87.svg,preview-assets/1FA87.svg,maracas — charge sonore,faible,incohérent,
fighter_boss.boss_finalChallenger.c1,fighter_boss,Le Challenger Final,boss,boss_finalChallenger,oui,idle|attack_window|counter,1,1F44A fist,/home/kali/apps/snake/design_boards/openemoji/color/svg/1F44A.svg,preview-assets/1F44A.svg,poing — challenger direct final fight,fort,skin tone,
fighter_boss.boss_finalChallenger.c2,fighter_boss,Le Challenger Final,boss,boss_finalChallenger,oui,idle|attack_window|counter,2,1F94B martial arts,/home/kali/apps/snake/design_boards/openemoji/color/svg/1F94B.svg,preview-assets/1F94B.svg,karatégi — challenger arts martiaux,fort,faible,
fighter_boss.boss_finalChallenger.c3,fighter_boss,Le Challenger Final,boss,boss_finalChallenger,oui,idle|attack_window|counter,3,1F93A fencer,/home/kali/apps/snake/design_boards/openemoji/color/svg/1F93A.svg,preview-assets/1F93A.svg,escrimeur — challenger épée final,fort,faible,
fighter_boss.boss_finalChallenger.c4,fighter_boss,Le Challenger Final,boss,boss_finalChallenger,oui,idle|attack_window|counter,4,1F3C6 trophy,/home/kali/apps/snake/design_boards/openemoji/color/svg/1F3C6.svg,preview-assets/1F3C6.svg,trophée — champion ultime,fort,faible,
fighter_boss.boss_finalChallenger.c5,fighter_boss,Le Challenger Final,boss,boss_finalChallenger,oui,idle|attack_window|counter,5,1F947 gold medal,/home/kali/apps/snake/design_boards/openemoji/color/svg/1F947.svg,preview-assets/1F947.svg,médaille or — finaliste meilleur,fort,faible,
fighter_boss.boss_finalChallenger.c6,fighter_boss,Le Challenger Final,boss,boss_finalChallenger,oui,idle|attack_window|counter,6,1F4AA muscle,/home/kali/apps/snake/design_boards/openemoji/color/svg/1F4AA.svg,preview-assets/1F4AA.svg,biceps — force challenger,moyen,skin tone,
fighter_boss.boss_finalChallenger.c7,fighter_boss,Le Challenger Final,boss,boss_finalChallenger,oui,idle|attack_window|counter,7,270A raised fist,/home/kali/apps/snake/design_boards/openemoji/color/svg/270A.svg,preview-assets/270A.svg,poing levé — combat boss,moyen,skin tone,
fighter_boss.boss_finalChallenger.c8,fighter_boss,Le Challenger Final,boss,boss_finalChallenger,oui,idle|attack_window|counter,8,1F396 medal,/home/kali/apps/snake/design_boards/openemoji/color/svg/1F396.svg,preview-assets/1F396.svg,médaille militaire — champion éprouvé,moyen,faible,
fighter_boss.boss_finalChallenger.c9,fighter_boss,Le Challenger Final,boss,boss_finalChallenger,oui,idle|attack_window|counter,9,1FA96 military helmet,/home/kali/apps/snake/design_boards/openemoji/color/svg/1FA96.svg,preview-assets/1FA96.svg,casque — combat final,moyen,faible,
fighter_boss.boss_finalChallenger.c10,fighter_boss,Le Challenger Final,boss,boss_finalChallenger,oui,idle|attack_window|counter,10,1F45A running shirt,/home/kali/apps/snake/design_boards/openemoji/color/svg/1F45A.svg,preview-assets/1F45A.svg,maillot — sportif final challenger,faible,trop générique,
fighter_boss.pickup_energy.c1,fighter_boss,Le Challenger Final,boss,pickup_energy,non,,1,26A1 lightning,/home/kali/apps/snake/design_boards/openemoji/color/svg/26A1.svg,preview-assets/26A1.svg,éclair — énergie boss fighter,fort,faible,
fighter_boss.pickup_energy.c2,fighter_boss,Le Challenger Final,boss,pickup_energy,non,,2,1F9E8 firecracker,/home/kali/apps/snake/design_boards/openemoji/color/svg/1F9E8.svg,preview-assets/1F9E8.svg,pétard — énergie explosive,fort,faible,
fighter_boss.pickup_energy.c3,fighter_boss,Le Challenger Final,boss,pickup_energy,non,,3,1F525 fire,/home/kali/apps/snake/design_boards/openemoji/color/svg/1F525.svg,preview-assets/1F525.svg,flamme — énergie combative,fort,faible,
fighter_boss.pickup_energy.c4,fighter_boss,Le Challenger Final,boss,pickup_energy,non,,4,1F4A5 collision,/home/kali/apps/snake/design_boards/openemoji/color/svg/1F4A5.svg,preview-assets/1F4A5.svg,collision — énergie impact,fort,confondu,
fighter_boss.pickup_energy.c5,fighter_boss,Le Challenger Final,boss,pickup_energy,non,,5,1F44A fist,/home/kali/apps/snake/design_boards/openemoji/color/svg/1F44A.svg,preview-assets/1F44A.svg,poing — énergie punch,fort,skin tone,
fighter_boss.pickup_energy.c6,fighter_boss,Le Challenger Final,boss,pickup_energy,non,,6,1F94B martial arts,/home/kali/apps/snake/design_boards/openemoji/color/svg/1F94B.svg,preview-assets/1F94B.svg,karatégi — énergie fighter,moyen,faible,
fighter_boss.pickup_energy.c7,fighter_boss,Le Challenger Final,boss,pickup_energy,non,,7,1F93A fencer,/home/kali/apps/snake/design_boards/openemoji/color/svg/1F93A.svg,preview-assets/1F93A.svg,escrimeur — énergie épée,moyen,faible,
fighter_boss.pickup_energy.c8,fighter_boss,Le Challenger Final,boss,pickup_energy,non,,8,1F4AA bicep,/home/kali/apps/snake/design_boards/openemoji/color/svg/1F4AA.svg,preview-assets/1F4AA.svg,biceps — énergie musculaire,moyen,skin tone,
fighter_boss.pickup_energy.c9,fighter_boss,Le Challenger Final,boss,pickup_energy,non,,9,2694 crossed swords,/home/kali/apps/snake/design_boards/openemoji/color/svg/2694.svg,preview-assets/2694.svg,épées — énergie combat,moyen,faible,
fighter_boss.pickup_energy.c10,fighter_boss,Le Challenger Final,boss,pickup_energy,non,,10,1FA96 helmet,/home/kali/apps/snake/design_boards/openemoji/color/svg/1FA96.svg,preview-assets/1FA96.svg,casque — énergie défense,moyen,faible,
outrun_normal.pickup_checkpoint.c1,outrun_normal,L'Autoroute des As,normal,pickup_checkpoint,non,,1,1F6A9 triangular flag,/home/kali/apps/snake/design_boards/openemoji/color/svg/1F6A9.svg,preview-assets/1F6A9.svg,fanion triangulaire — checkpoint balise,fort,faible,
outrun_normal.pickup_checkpoint.c2,outrun_normal,L'Autoroute des As,normal,pickup_checkpoint,non,,2,1F3C1 chequered flag,/home/kali/apps/snake/design_boards/openemoji/color/svg/1F3C1.svg,preview-assets/1F3C1.svg,drapeau damier — arrivée course,fort,faible,
outrun_normal.pickup_checkpoint.c3,outrun_normal,L'Autoroute des As,normal,pickup_checkpoint,non,,3,1F4CD round pushpin,/home/kali/apps/snake/design_boards/openemoji/color/svg/1F4CD.svg,preview-assets/1F4CD.svg,épingle — marqueur checkpoint carte,fort,faible,
outrun_normal.pickup_checkpoint.c4,outrun_normal,L'Autoroute des As,normal,pickup_checkpoint,non,,4,1F3CE racing car,/home/kali/apps/snake/design_boards/openemoji/color/svg/1F3CE.svg,preview-assets/1F3CE.svg,voiture course — thème outrun direct,moyen,trop entier,
outrun_normal.pickup_checkpoint.c5,outrun_normal,L'Autoroute des As,normal,pickup_checkpoint,non,,5,1F6A8 police light,/home/kali/apps/snake/design_boards/openemoji/color/svg/1F6A8.svg,preview-assets/1F6A8.svg,gyrophare — balise d'urgence route,moyen,faible,
outrun_normal.pickup_checkpoint.c6,outrun_normal,L'Autoroute des As,normal,pickup_checkpoint,non,,6,26F3 golf hole flag,/home/kali/apps/snake/design_boards/openemoji/color/svg/26F3.svg,preview-assets/26F3.svg,drapeau golf — cible à atteindre,faible,hors thème,
outrun_normal.pickup_checkpoint.c7,outrun_normal,L'Autoroute des As,normal,pickup_checkpoint,non,,7,1F50B battery,/home/kali/apps/snake/design_boards/openemoji/color/svg/1F50B.svg,preview-assets/1F50B.svg,batterie — energy checkpoint recharge,moyen,faible,
outrun_normal.pickup_checkpoint.c8,outrun_normal,L'Autoroute des As,normal,pickup_checkpoint,non,,8,1F698 oncoming car,/home/kali/apps/snake/design_boards/openemoji/color/svg/1F698.svg,preview-assets/1F698.svg,voiture frontale — checkpoint voiture,moyen,trop entier,
outrun_normal.pickup_checkpoint.c9,outrun_normal,L'Autoroute des As,normal,pickup_checkpoint,non,,9,1F697 car,/home/kali/apps/snake/design_boards/openemoji/color/svg/1F697.svg,preview-assets/1F697.svg,voiture — thème outrun,moyen,trop entier,
outrun_normal.pickup_checkpoint.c10,outrun_normal,L'Autoroute des As,normal,pickup_checkpoint,non,,10,1FA87 maracas,/home/kali/apps/snake/design_boards/openemoji/color/svg/1FA87.svg,preview-assets/1FA87.svg,maracas — bruit passage checkpoint,faible,incohérent,
outrun_normal.obstacle_trafficBlock.c1,outrun_normal,L'Autoroute des As,normal,obstacle_trafficBlock,non,,1,1F698 oncoming car,/home/kali/apps/snake/design_boards/openemoji/color/svg/1F698.svg,preview-assets/1F698.svg,voiture frontale — traffic bloc direct,fort,faible,
outrun_normal.obstacle_trafficBlock.c2,outrun_normal,L'Autoroute des As,normal,obstacle_trafficBlock,non,,2,1F697 car,/home/kali/apps/snake/design_boards/openemoji/color/svg/1F697.svg,preview-assets/1F697.svg,voiture — bloc circulation,fort,faible,
outrun_normal.obstacle_trafficBlock.c3,outrun_normal,L'Autoroute des As,normal,obstacle_trafficBlock,non,,3,1F699 SUV,/home/kali/apps/snake/design_boards/openemoji/color/svg/1F699.svg,preview-assets/1F699.svg,SUV — gros véhicule bloquant,fort,faible,
outrun_normal.obstacle_trafficBlock.c4,outrun_normal,L'Autoroute des As,normal,obstacle_trafficBlock,non,,4,1F6A7 construction sign,/home/kali/apps/snake/design_boards/openemoji/color/svg/1F6A7.svg,preview-assets/1F6A7.svg,panneaux chantier — route barrée,fort,faible,
outrun_normal.obstacle_trafficBlock.c5,outrun_normal,L'Autoroute des As,normal,obstacle_trafficBlock,non,,5,1F6D1 stop sign,/home/kali/apps/snake/design_boards/openemoji/color/svg/1F6D1.svg,preview-assets/1F6D1.svg,stop — bloc arrêt total,fort,faible,
outrun_normal.obstacle_trafficBlock.c6,outrun_normal,L'Autoroute des As,normal,obstacle_trafficBlock,non,,6,1F69B truck,/home/kali/apps/snake/design_boards/openemoji/color/svg/1F69B.svg,preview-assets/1F69B.svg,camion — grand véhicule bloquant,fort,faible,
outrun_normal.obstacle_trafficBlock.c7,outrun_normal,L'Autoroute des As,normal,obstacle_trafficBlock,non,,7,1F6A8 police light,/home/kali/apps/snake/design_boards/openemoji/color/svg/1F6A8.svg,preview-assets/1F6A8.svg,gyrophare — véhicule urgence bloquant,moyen,faible,
outrun_normal.obstacle_trafficBlock.c8,outrun_normal,L'Autoroute des As,normal,obstacle_trafficBlock,non,,8,1F50B battery,/home/kali/apps/snake/design_boards/openemoji/color/svg/1F50B.svg,preview-assets/1F50B.svg,batterie — recharge vs crash,faible,incohérent,
outrun_normal.obstacle_trafficBlock.c9,outrun_normal,L'Autoroute des As,normal,obstacle_trafficBlock,non,,9,1FA96 helmet,/home/kali/apps/snake/design_boards/openemoji/color/svg/1FA96.svg,preview-assets/1FA96.svg,casque moto — conducteur de bloc,faible,trop accessoire,
outrun_normal.obstacle_trafficBlock.c10,outrun_normal,L'Autoroute des As,normal,obstacle_trafficBlock,non,,10,1F306 cityscape at dusk,/home/kali/apps/snake/design_boards/openemoji/color/svg/1F306.svg,preview-assets/1F306.svg,ville crépuscule — route urbaine,faible,trop contexte,
outrun_boss.boss_turboRival.c1,outrun_boss,Le Rival Turbo,boss,boss_turboRival,oui,moving|turboZone,1,1F3CE racing car,/home/kali/apps/snake/design_boards/openemoji/color/svg/1F3CE.svg,preview-assets/1F3CE.svg,voiture course — rival turbo iconique,fort,faible,
outrun_boss.boss_turboRival.c2,outrun_boss,Le Rival Turbo,boss,boss_turboRival,oui,moving|turboZone,2,1F697 car,/home/kali/apps/snake/design_boards/openemoji/color/svg/1F697.svg,preview-assets/1F697.svg,voiture — rival voiture rival outrun,fort,faible,
outrun_boss.boss_turboRival.c3,outrun_boss,Le Rival Turbo,boss,boss_turboRival,oui,moving|turboZone,3,1F698 oncoming car,/home/kali/apps/snake/design_boards/openemoji/color/svg/1F698.svg,preview-assets/1F698.svg,voiture frontale — rival en face,fort,faible,
outrun_boss.boss_turboRival.c4,outrun_boss,Le Rival Turbo,boss,boss_turboRival,oui,moving|turboZone,4,1F6A8 police light,/home/kali/apps/snake/design_boards/openemoji/color/svg/1F6A8.svg,preview-assets/1F6A8.svg,gyrophare — rival poursuite police,moyen,faible,
outrun_boss.boss_turboRival.c5,outrun_boss,Le Rival Turbo,boss,boss_turboRival,oui,moving|turboZone,5,1F4A8 dashing,/home/kali/apps/snake/design_boards/openemoji/color/svg/1F4A8.svg,preview-assets/1F4A8.svg,speed lines — turbo vitesse pure,moyen,faible,
outrun_boss.boss_turboRival.c6,outrun_boss,Le Rival Turbo,boss,boss_turboRival,oui,moving|turboZone,6,1FA87 maracas,/home/kali/apps/snake/design_boards/openemoji/color/svg/1FA87.svg,preview-assets/1FA87.svg,maracas — speed vibration rival,faible,incohérent,
outrun_boss.boss_turboRival.c7,outrun_boss,Le Rival Turbo,boss,boss_turboRival,oui,moving|turboZone,7,1F699 SUV,/home/kali/apps/snake/design_boards/openemoji/color/svg/1F699.svg,preview-assets/1F699.svg,SUV — gros rival bloquant,moyen,faible,
outrun_boss.boss_turboRival.c8,outrun_boss,Le Rival Turbo,boss,boss_turboRival,oui,moving|turboZone,8,1F9F8 teddy,/home/kali/apps/snake/design_boards/openemoji/color/svg/1F9F8.svg,preview-assets/1F9F8.svg,ours peluche — mascotte rival,faible,incohérent,
outrun_boss.boss_turboRival.c9,outrun_boss,Le Rival Turbo,boss,boss_turboRival,oui,moving|turboZone,9,26A1 lightning,/home/kali/apps/snake/design_boards/openemoji/color/svg/26A1.svg,preview-assets/26A1.svg,éclair — turbo speed électrique,moyen,confondu fighter,
outrun_boss.boss_turboRival.c10,outrun_boss,Le Rival Turbo,boss,boss_turboRival,oui,moving|turboZone,10,1F50B battery,/home/kali/apps/snake/design_boards/openemoji/color/svg/1F50B.svg,preview-assets/1F50B.svg,batterie — énergie turbo rival,faible,incohérent,
outrun_boss.special_turboZone.c1,outrun_boss,Le Rival Turbo,boss,special_turboZone,non,,1,26A1 lightning,/home/kali/apps/snake/design_boards/openemoji/color/svg/26A1.svg,preview-assets/26A1.svg,éclair — turbo zone électrique,fort,faible,
outrun_boss.special_turboZone.c2,outrun_boss,Le Rival Turbo,boss,special_turboZone,non,,2,1F4A8 dashing,/home/kali/apps/snake/design_boards/openemoji/color/svg/1F4A8.svg,preview-assets/1F4A8.svg,speed lines — zone vitesse turbo,fort,faible,
outrun_boss.special_turboZone.c3,outrun_boss,Le Rival Turbo,boss,special_turboZone,non,,3,1F3CE racing car,/home/kali/apps/snake/design_boards/openemoji/color/svg/1F3CE.svg,preview-assets/1F3CE.svg,voiture course — zone course turbo,moyen,trop entier,
outrun_boss.special_turboZone.c4,outrun_boss,Le Rival Turbo,boss,special_turboZone,non,,4,1F6A8 police light,/home/kali/apps/snake/design_boards/openemoji/color/svg/1F6A8.svg,preview-assets/1F6A8.svg,gyrophare — zone d'alerte turbo,moyen,faible,
outrun_boss.special_turboZone.c5,outrun_boss,Le Rival Turbo,boss,special_turboZone,non,,5,1FA87 maracas,/home/kali/apps/snake/design_boards/openemoji/color/svg/1FA87.svg,preview-assets/1FA87.svg,maracas — vibration speed,faible,incohérent,
outrun_boss.special_turboZone.c6,outrun_boss,Le Rival Turbo,boss,special_turboZone,non,,6,1F697 car,/home/kali/apps/snake/design_boards/openemoji/color/svg/1F697.svg,preview-assets/1F697.svg,voiture — zone passage voiture,faible,confondu obstacle,
outrun_boss.special_turboZone.c7,outrun_boss,Le Rival Turbo,boss,special_turboZone,non,,7,1F50B battery,/home/kali/apps/snake/design_boards/openemoji/color/svg/1F50B.svg,preview-assets/1F50B.svg,batterie — recharge turbo,moyen,faible,
outrun_boss.special_turboZone.c8,outrun_boss,Le Rival Turbo,boss,special_turboZone,non,,8,1F525 fire,/home/kali/apps/snake/design_boards/openemoji/color/svg/1F525.svg,preview-assets/1F525.svg,flamme — turbo zone brûlante,moyen,confondu danger,
outrun_boss.special_turboZone.c9,outrun_boss,Le Rival Turbo,boss,special_turboZone,non,,9,27A1 right arrow,/home/kali/apps/snake/design_boards/openemoji/color/svg/27A1.svg,preview-assets/27A1.svg,flèche droite — direction turbo,moyen,trop simple,
outrun_boss.special_turboZone.c10,outrun_boss,Le Rival Turbo,boss,special_turboZone,non,,10,1F9E8 firecracker,/home/kali/apps/snake/design_boards/openemoji/color/svg/1F9E8.svg,preview-assets/1F9E8.svg,pétard — boost explosif,moyen,faible,
outrun_boss.pickup_checkpoint.c1,outrun_boss,Le Rival Turbo,boss,pickup_checkpoint,non,,1,1F6A9 triangular flag,/home/kali/apps/snake/design_boards/openemoji/color/svg/1F6A9.svg,preview-assets/1F6A9.svg,fanion — checkpoint boss,fort,faible,
outrun_boss.pickup_checkpoint.c2,outrun_boss,Le Rival Turbo,boss,pickup_checkpoint,non,,2,1F3C1 chequered flag,/home/kali/apps/snake/design_boards/openemoji/color/svg/1F3C1.svg,preview-assets/1F3C1.svg,drapeau damier — arrivée boss,fort,faible,
outrun_boss.pickup_checkpoint.c3,outrun_boss,Le Rival Turbo,boss,pickup_checkpoint,non,,3,1F4CD pushpin,/home/kali/apps/snake/design_boards/openemoji/color/svg/1F4CD.svg,preview-assets/1F4CD.svg,épingle — marqueur boss,fort,faible,
outrun_boss.pickup_checkpoint.c4,outrun_boss,Le Rival Turbo,boss,pickup_checkpoint,non,,4,1F3CE racing car,/home/kali/apps/snake/design_boards/openemoji/color/svg/1F3CE.svg,preview-assets/1F3CE.svg,voiture — checkpoint boss course,moyen,trop entier,
outrun_boss.pickup_checkpoint.c5,outrun_boss,Le Rival Turbo,boss,pickup_checkpoint,non,,5,1F6A8 police light,/home/kali/apps/snake/design_boards/openemoji/color/svg/1F6A8.svg,preview-assets/1F6A8.svg,gyrophare — balise boss,moyen,faible,
outrun_boss.pickup_checkpoint.c6,outrun_boss,Le Rival Turbo,boss,pickup_checkpoint,non,,6,1F50B battery,/home/kali/apps/snake/design_boards/openemoji/color/svg/1F50B.svg,preview-assets/1F50B.svg,batterie — recharge checkpoint boss,moyen,faible,
outrun_boss.pickup_checkpoint.c7,outrun_boss,Le Rival Turbo,boss,pickup_checkpoint,non,,7,1F698 car,/home/kali/apps/snake/design_boards/openemoji/color/svg/1F698.svg,preview-assets/1F698.svg,voiture — checkpoint voiture,moyen,trop entier,
outrun_boss.pickup_checkpoint.c8,outrun_boss,Le Rival Turbo,boss,pickup_checkpoint,non,,8,26A1 lightning,/home/kali/apps/snake/design_boards/openemoji/color/svg/26A1.svg,preview-assets/26A1.svg,éclair — checkpoint electrique,moyen,confondu fighter,
outrun_boss.pickup_checkpoint.c9,outrun_boss,Le Rival Turbo,boss,pickup_checkpoint,non,,9,1F697 car side,/home/kali/apps/snake/design_boards/openemoji/color/svg/1F697.svg,preview-assets/1F697.svg,voiture profil — checkpoint,moyen,trop entier,
outrun_boss.pickup_checkpoint.c10,outrun_boss,Le Rival Turbo,boss,pickup_checkpoint,non,,10,1FA87 maracas,/home/kali/apps/snake/design_boards/openemoji/color/svg/1FA87.svg,preview-assets/1FA87.svg,maracas — vibration finish,faible,incohérent,
shinobi_normal.pickup_shuriken.c1,shinobi_normal,La Voie du Ninja,normal,pickup_shuriken,non,,1,1F977 ninja,/home/kali/apps/snake/design_boards/openemoji/color/svg/1F977.svg,preview-assets/1F977.svg,ninja — thème shinobi direct pickup,fort,skin tone,
shinobi_normal.pickup_shuriken.c2,shinobi_normal,La Voie du Ninja,normal,pickup_shuriken,non,,2,2694 crossed swords,/home/kali/apps/snake/design_boards/openemoji/color/svg/2694.svg,preview-assets/2694.svg,épées croisées — shuriken croisé,fort,faible,
shinobi_normal.pickup_shuriken.c3,shinobi_normal,La Voie du Ninja,normal,pickup_shuriken,non,,3,1F945 goal net,/home/kali/apps/snake/design_boards/openemoji/color/svg/1F945.svg,preview-assets/1F945.svg,filet de but — forme croix réseau,moyen,hors thème,
shinobi_normal.pickup_shuriken.c4,shinobi_normal,La Voie du Ninja,normal,pickup_shuriken,non,,4,1F5E1 dagger,/home/kali/apps/snake/design_boards/openemoji/color/svg/1F5E1.svg,preview-assets/1F5E1.svg,dague — arme ninja tranchante,fort,faible,
shinobi_normal.pickup_shuriken.c5,shinobi_normal,La Voie du Ninja,normal,pickup_shuriken,non,,5,27B0 curly loop,/home/kali/apps/snake/design_boards/openemoji/color/svg/27B0.svg,preview-assets/27B0.svg,boucle — trajectoire shuriken,moyen,trop stylisé,
shinobi_normal.pickup_shuriken.c6,shinobi_normal,La Voie du Ninja,normal,pickup_shuriken,non,,6,1F3AF bullseye,/home/kali/apps/snake/design_boards/openemoji/color/svg/1F3AF.svg,preview-assets/1F3AF.svg,cible — shuriken vise la cible,fort,faible,
shinobi_normal.pickup_shuriken.c7,shinobi_normal,La Voie du Ninja,normal,pickup_shuriken,non,,7,1F47F angry face horns,/home/kali/apps/snake/design_boards/openemoji/color/svg/1F47F.svg,preview-assets/1F47F.svg,diable — ninja masqué menaçant,faible,hors thème,
shinobi_normal.pickup_shuriken.c8,shinobi_normal,La Voie du Ninja,normal,pickup_shuriken,non,,8,1F441 eye,/home/kali/apps/snake/design_boards/openemoji/color/svg/1F441.svg,preview-assets/1F441.svg,oeil — regard ninja espionnage,moyen,faible,
shinobi_normal.pickup_shuriken.c9,shinobi_normal,La Voie du Ninja,normal,pickup_shuriken,non,,9,1F300 cyclone,/home/kali/apps/snake/design_boards/openemoji/color/svg/1F300.svg,preview-assets/1F300.svg,cyclone — shuriken tournoyant,moyen,trop complexe,
shinobi_normal.pickup_shuriken.c10,shinobi_normal,La Voie du Ninja,normal,pickup_shuriken,non,,10,1FAF6 hand pointing,/home/kali/apps/snake/design_boards/openemoji/color/svg/1FAF6.svg,preview-assets/1FAF6.svg,main pointant — ninja désigne,faible,incohérent,
shinobi_normal.obstacle_focusDecoy.c1,shinobi_normal,La Voie du Ninja,normal,obstacle_focusDecoy,oui,real|decoy,1,1F977 ninja,/home/kali/apps/snake/design_boards/openemoji/color/svg/1F977.svg,preview-assets/1F977.svg,ninja — vraie cible ninja visible,fort,skin tone,c2
shinobi_normal.obstacle_focusDecoy.c2,shinobi_normal,La Voie du Ninja,normal,obstacle_focusDecoy,oui,real|decoy,2,1F441 eye,/home/kali/apps/snake/design_boards/openemoji/color/svg/1F441.svg,preview-assets/1F441.svg,oeil — decoy/leurre regard trompeur,fort,faible,c1
shinobi_normal.obstacle_focusDecoy.c3,shinobi_normal,La Voie du Ninja,normal,obstacle_focusDecoy,oui,real|decoy,3,1F3AF bullseye,/home/kali/apps/snake/design_boards/openemoji/color/svg/1F3AF.svg,preview-assets/1F3AF.svg,cible — real target direct,fort,faible,
shinobi_normal.obstacle_focusDecoy.c4,shinobi_normal,La Voie du Ninja,normal,obstacle_focusDecoy,oui,real|decoy,4,1F300 cyclone,/home/kali/apps/snake/design_boards/openemoji/color/svg/1F300.svg,preview-assets/1F300.svg,cyclone — decoy tourbillonnant,moyen,ambigu,
shinobi_normal.obstacle_focusDecoy.c5,shinobi_normal,La Voie du Ninja,normal,obstacle_focusDecoy,oui,real|decoy,5,1F5E1 dagger,/home/kali/apps/snake/design_boards/openemoji/color/svg/1F5E1.svg,preview-assets/1F5E1.svg,dague — cible arme shinobi,moyen,faible,
shinobi_normal.obstacle_focusDecoy.c6,shinobi_normal,La Voie du Ninja,normal,obstacle_focusDecoy,oui,real|decoy,6,2694 crossed swords,/home/kali/apps/snake/design_boards/openemoji/color/svg/2694.svg,preview-assets/2694.svg,épées — cible combat,moyen,faible,
shinobi_normal.obstacle_focusDecoy.c7,shinobi_normal,La Voie du Ninja,normal,obstacle_focusDecoy,oui,real|decoy,7,1F4AB dizzy,/home/kali/apps/snake/design_boards/openemoji/color/svg/1F4AB.svg,preview-assets/1F4AB.svg,étoiles — decoy confusion,moyen,confondu pickup,
shinobi_normal.obstacle_focusDecoy.c8,shinobi_normal,La Voie du Ninja,normal,obstacle_focusDecoy,oui,real|decoy,8,1F47F devil,/home/kali/apps/snake/design_boards/openemoji/color/svg/1F47F.svg,preview-assets/1F47F.svg,diable — decoy trompeur,faible,hors thème,
shinobi_normal.obstacle_focusDecoy.c9,shinobi_normal,La Voie du Ninja,normal,obstacle_focusDecoy,oui,real|decoy,9,27B0 loop,/home/kali/apps/snake/design_boards/openemoji/color/svg/27B0.svg,preview-assets/27B0.svg,boucle — decoy orbite,moyen,abstrait,
shinobi_normal.obstacle_focusDecoy.c10,shinobi_normal,La Voie du Ninja,normal,obstacle_focusDecoy,oui,real|decoy,10,1F31F glowing star,/home/kali/apps/snake/design_boards/openemoji/color/svg/1F31F.svg,preview-assets/1F31F.svg,étoile — cible brillante,moyen,confondu pickup,
shinobi_boss.boss_shadowNinja.c1,shinobi_boss,L'Ombre du Ninja Suprême,boss,boss_shadowNinja,oui,real|shadow,1,1F977 ninja,/home/kali/apps/snake/design_boards/openemoji/color/svg/1F977.svg,preview-assets/1F977.svg,ninja — boss shinobi direct,fort,skin tone,
shinobi_boss.boss_shadowNinja.c2,shinobi_boss,L'Ombre du Ninja Suprême,boss,boss_shadowNinja,oui,real|shadow,2,1F441 eye,/home/kali/apps/snake/design_boards/openemoji/color/svg/1F441.svg,preview-assets/1F441.svg,"oeil — ninja qui observe, shadow/real",fort,faible,c1
shinobi_boss.boss_shadowNinja.c3,shinobi_boss,L'Ombre du Ninja Suprême,boss,boss_shadowNinja,oui,real|shadow,3,2694 crossed swords,/home/kali/apps/snake/design_boards/openemoji/color/svg/2694.svg,preview-assets/2694.svg,épées — boss ninja combat,fort,faible,
shinobi_boss.boss_shadowNinja.c4,shinobi_boss,L'Ombre du Ninja Suprême,boss,boss_shadowNinja,oui,real|shadow,4,1F5E1 dagger,/home/kali/apps/snake/design_boards/openemoji/color/svg/1F5E1.svg,preview-assets/1F5E1.svg,dague — attaque ninja silencieuse,fort,faible,
shinobi_boss.boss_shadowNinja.c5,shinobi_boss,L'Ombre du Ninja Suprême,boss,boss_shadowNinja,oui,real|shadow,5,1FAF6 hand point,/home/kali/apps/snake/design_boards/openemoji/color/svg/1FAF6.svg,preview-assets/1FAF6.svg,main — ninja désigne direction,faible,incohérent,
shinobi_boss.boss_shadowNinja.c6,shinobi_boss,L'Ombre du Ninja Suprême,boss,boss_shadowNinja,oui,real|shadow,6,1F300 cyclone,/home/kali/apps/snake/design_boards/openemoji/color/svg/1F300.svg,preview-assets/1F300.svg,cyclone — shadow tourbillonnant,moyen,faible,
shinobi_boss.boss_shadowNinja.c7,shinobi_boss,L'Ombre du Ninja Suprême,boss,boss_shadowNinja,oui,real|shadow,7,26AB black circle,/home/kali/apps/snake/design_boards/openemoji/color/svg/26AB.svg,preview-assets/26AB.svg,cercle noir — shadow sombre minimal,moyen,trop générique,
shinobi_boss.boss_shadowNinja.c8,shinobi_boss,L'Ombre du Ninja Suprême,boss,boss_shadowNinja,oui,real|shadow,8,1F47F devil horns,/home/kali/apps/snake/design_boards/openemoji/color/svg/1F47F.svg,preview-assets/1F47F.svg,diable — boss mauvais ninja,moyen,hors thème,
shinobi_boss.boss_shadowNinja.c9,shinobi_boss,L'Ombre du Ninja Suprême,boss,boss_shadowNinja,oui,real|shadow,9,1F3AF bullseye,/home/kali/apps/snake/design_boards/openemoji/color/svg/1F3AF.svg,preview-assets/1F3AF.svg,cible — trouver le vrai ninja,moyen,confondu obstacle,
shinobi_boss.boss_shadowNinja.c10,shinobi_boss,L'Ombre du Ninja Suprême,boss,boss_shadowNinja,oui,real|shadow,10,1F9DF zombie,/home/kali/apps/snake/design_boards/openemoji/color/svg/1F9DF.svg,preview-assets/1F9DF.svg,zombie — clone mort-vivant,faible,hors thème,
shinobi_boss.pickup_shuriken.c1,shinobi_boss,L'Ombre du Ninja Suprême,boss,pickup_shuriken,non,,1,1F977 ninja,/home/kali/apps/snake/design_boards/openemoji/color/svg/1F977.svg,preview-assets/1F977.svg,ninja — pickup boss shinobi,fort,skin tone,
shinobi_boss.pickup_shuriken.c2,shinobi_boss,L'Ombre du Ninja Suprême,boss,pickup_shuriken,non,,2,2694 crossed swords,/home/kali/apps/snake/design_boards/openemoji/color/svg/2694.svg,preview-assets/2694.svg,épées — shuriken boss,fort,faible,
shinobi_boss.pickup_shuriken.c3,shinobi_boss,L'Ombre du Ninja Suprême,boss,pickup_shuriken,non,,3,1F5E1 dagger,/home/kali/apps/snake/design_boards/openemoji/color/svg/1F5E1.svg,preview-assets/1F5E1.svg,dague — arme shinobi boss,fort,faible,
shinobi_boss.pickup_shuriken.c4,shinobi_boss,L'Ombre du Ninja Suprême,boss,pickup_shuriken,non,,4,1F3AF bullseye,/home/kali/apps/snake/design_boards/openemoji/color/svg/1F3AF.svg,preview-assets/1F3AF.svg,cible — atteindre ninja boss,fort,faible,
shinobi_boss.pickup_shuriken.c5,shinobi_boss,L'Ombre du Ninja Suprême,boss,pickup_shuriken,non,,5,27B0 loop,/home/kali/apps/snake/design_boards/openemoji/color/svg/27B0.svg,preview-assets/27B0.svg,boucle — trajectoire shuriken,moyen,abstrait,
shinobi_boss.pickup_shuriken.c6,shinobi_boss,L'Ombre du Ninja Suprême,boss,pickup_shuriken,non,,6,1F945 goal net,/home/kali/apps/snake/design_boards/openemoji/color/svg/1F945.svg,preview-assets/1F945.svg,filet — forme croix,faible,hors thème,
shinobi_boss.pickup_shuriken.c7,shinobi_boss,L'Ombre du Ninja Suprême,boss,pickup_shuriken,non,,7,1F47F devil,/home/kali/apps/snake/design_boards/openemoji/color/svg/1F47F.svg,preview-assets/1F47F.svg,diable — arme diabolique,faible,hors thème,
shinobi_boss.pickup_shuriken.c8,shinobi_boss,L'Ombre du Ninja Suprême,boss,pickup_shuriken,non,,8,1F441 eye,/home/kali/apps/snake/design_boards/openemoji/color/svg/1F441.svg,preview-assets/1F441.svg,oeil — vision ninja,moyen,faible,
shinobi_boss.pickup_shuriken.c9,shinobi_boss,L'Ombre du Ninja Suprême,boss,pickup_shuriken,non,,9,1F300 cyclone,/home/kali/apps/snake/design_boards/openemoji/color/svg/1F300.svg,preview-assets/1F300.svg,cyclone — shuriken tournoyant,moyen,trop complexe,
shinobi_boss.pickup_shuriken.c10,shinobi_boss,L'Ombre du Ninja Suprême,boss,pickup_shuriken,non,,10,1FAF6 point,/home/kali/apps/snake/design_boards/openemoji/color/svg/1FAF6.svg,preview-assets/1FAF6.svg,pointage — cible ninja,faible,incohérent,
kombat_normal.pickup_finishToken.c1,kombat_normal,L'Arène du Destin,normal,pickup_finishToken,non,,1,1F409 dragon,/home/kali/apps/snake/design_boards/openemoji/color/svg/1F409.svg,preview-assets/1F409.svg,dragon — finish him! kombat iconique,fort,faible,
kombat_normal.pickup_finishToken.c2,kombat_normal,L'Arène du Destin,normal,pickup_finishToken,non,,2,1F432 dragon face,/home/kali/apps/snake/design_boards/openemoji/color/svg/1F432.svg,preview-assets/1F432.svg,tête dragon — finish token dragon,fort,faible,
kombat_normal.pickup_finishToken.c3,kombat_normal,L'Arène du Destin,normal,pickup_finishToken,non,,3,2620 skull crossbones,/home/kali/apps/snake/design_boards/openemoji/color/svg/2620.svg,preview-assets/2620.svg,tête de mort — finish token mortel,fort,faible,
kombat_normal.pickup_finishToken.c4,kombat_normal,L'Arène du Destin,normal,pickup_finishToken,non,,4,2666 diamond suit,/home/kali/apps/snake/design_boards/openemoji/color/svg/2666.svg,preview-assets/2666.svg,carreau — token jeu kombat,moyen,faible,
kombat_normal.pickup_finishToken.c5,kombat_normal,L'Arène du Destin,normal,pickup_finishToken,non,,5,1F525 fire,/home/kali/apps/snake/design_boards/openemoji/color/svg/1F525.svg,preview-assets/1F525.svg,flamme — finish en flammes,fort,confondu obstacle,
kombat_normal.pickup_finishToken.c6,kombat_normal,L'Arène du Destin,normal,pickup_finishToken,non,,6,1F93A fencer,/home/kali/apps/snake/design_boards/openemoji/color/svg/1F93A.svg,preview-assets/1F93A.svg,escrimeur — combat finish épée,moyen,faible,
kombat_normal.pickup_finishToken.c7,kombat_normal,L'Arène du Destin,normal,pickup_finishToken,non,,7,1F396 medal,/home/kali/apps/snake/design_boards/openemoji/color/svg/1F396.svg,preview-assets/1F396.svg,médaille — finish récompense,moyen,faible,
kombat_normal.pickup_finishToken.c8,kombat_normal,L'Arène du Destin,normal,pickup_finishToken,non,,8,26CE ophiuchus,/home/kali/apps/snake/design_boards/openemoji/color/svg/26CE.svg,preview-assets/26CE.svg,ophiuchus — symbole mystique kombat,moyen,très spécifique,
kombat_normal.pickup_finishToken.c9,kombat_normal,L'Arène du Destin,normal,pickup_finishToken,non,,9,1F004 mahjong,/home/kali/apps/snake/design_boards/openemoji/color/svg/1F004.svg,preview-assets/1F004.svg,mahjong rouge — token jeu asiatique,moyen,culturel,
kombat_normal.pickup_finishToken.c10,kombat_normal,L'Arène du Destin,normal,pickup_finishToken,non,,10,1F3EE lantern,/home/kali/apps/snake/design_boards/openemoji/color/svg/1F3EE.svg,preview-assets/1F3EE.svg,lanterne rouge — ambiance kombat asiatique,moyen,faible,
kombat_normal.obstacle_fatalZone.c1,kombat_normal,L'Arène du Destin,normal,obstacle_fatalZone,oui,warning|active,1,1F525 fire,/home/kali/apps/snake/design_boards/openemoji/color/svg/1F525.svg,preview-assets/1F525.svg,flamme — zone lave active directe,fort,confondu pickup,c2
kombat_normal.obstacle_fatalZone.c2,kombat_normal,L'Arène du Destin,normal,obstacle_fatalZone,oui,warning|active,2,26A0 warning,/home/kali/apps/snake/design_boards/openemoji/color/svg/26A0.svg,preview-assets/26A0.svg,danger — zone warning lave,fort,faible,c1
kombat_normal.obstacle_fatalZone.c3,kombat_normal,L'Arène du Destin,normal,obstacle_fatalZone,oui,warning|active,3,2620 skull,/home/kali/apps/snake/design_boards/openemoji/color/svg/2620.svg,preview-assets/2620.svg,tête de mort — zone fatale directe,fort,faible,
kombat_normal.obstacle_fatalZone.c4,kombat_normal,L'Arène du Destin,normal,obstacle_fatalZone,oui,warning|active,4,1F480 skull,/home/kali/apps/snake/design_boards/openemoji/color/svg/1F480.svg,preview-assets/1F480.svg,crâne simple — zone mort,fort,faible,
kombat_normal.obstacle_fatalZone.c5,kombat_normal,L'Arène du Destin,normal,obstacle_fatalZone,oui,warning|active,5,26D4 no entry,/home/kali/apps/snake/design_boards/openemoji/color/svg/26D4.svg,preview-assets/26D4.svg,interdit — zone bloquée fatale,moyen,faible,
kombat_normal.obstacle_fatalZone.c6,kombat_normal,L'Arène du Destin,normal,obstacle_fatalZone,oui,warning|active,6,1F6D1 stop sign,/home/kali/apps/snake/design_boards/openemoji/color/svg/1F6D1.svg,preview-assets/1F6D1.svg,stop — zone interdite,moyen,couleur forte,
kombat_normal.obstacle_fatalZone.c7,kombat_normal,L'Arène du Destin,normal,obstacle_fatalZone,oui,warning|active,7,1F4A3 bomb,/home/kali/apps/snake/design_boards/openemoji/color/svg/1F4A3.svg,preview-assets/1F4A3.svg,bombe — zone explosive,fort,générique danger,
kombat_normal.obstacle_fatalZone.c8,kombat_normal,L'Arène du Destin,normal,obstacle_fatalZone,oui,warning|active,8,1FA96 military helmet,/home/kali/apps/snake/design_boards/openemoji/color/svg/1FA96.svg,preview-assets/1FA96.svg,casque — zone combat mortel,moyen,faible,
kombat_normal.obstacle_fatalZone.c9,kombat_normal,L'Arène du Destin,normal,obstacle_fatalZone,oui,warning|active,9,1F47F devil,/home/kali/apps/snake/design_boards/openemoji/color/svg/1F47F.svg,preview-assets/1F47F.svg,diable — zone diabolique fatale,moyen,trop cartoon,
kombat_normal.obstacle_fatalZone.c10,kombat_normal,L'Arène du Destin,normal,obstacle_fatalZone,oui,warning|active,10,1F47A goblin,/home/kali/apps/snake/design_boards/openemoji/color/svg/1F47A.svg,preview-assets/1F47A.svg,gobelin — zone monstre,faible,incohérent,
kombat_boss.boss_dragonGate.c1,kombat_boss,La Porte du Dragon,boss,boss_dragonGate,oui,closed|opening|danger|vulnerable,1,1F409 dragon,/home/kali/apps/snake/design_boards/openemoji/color/svg/1F409.svg,preview-assets/1F409.svg,dragon — boss dragon gate direct,fort,faible,
kombat_boss.boss_dragonGate.c2,kombat_boss,La Porte du Dragon,boss,boss_dragonGate,oui,closed|opening|danger|vulnerable,2,1F432 dragon face,/home/kali/apps/snake/design_boards/openemoji/color/svg/1F432.svg,preview-assets/1F432.svg,tête dragon — face boss combat,fort,faible,
kombat_boss.boss_dragonGate.c3,kombat_boss,La Porte du Dragon,boss,boss_dragonGate,oui,closed|opening|danger|vulnerable,3,1F6AA door,/home/kali/apps/snake/design_boards/openemoji/color/svg/1F6AA.svg,preview-assets/1F6AA.svg,porte — dragon GATE — correspondance directe,fort,faible,
kombat_boss.boss_dragonGate.c4,kombat_boss,La Porte du Dragon,boss,boss_dragonGate,oui,closed|opening|danger|vulnerable,4,1F3EE red lantern,/home/kali/apps/snake/design_boards/openemoji/color/svg/1F3EE.svg,preview-assets/1F3EE.svg,lanterne rouge — ambiance asiatique porte,fort,faible,
kombat_boss.boss_dragonGate.c5,kombat_boss,La Porte du Dragon,boss,boss_dragonGate,oui,closed|opening|danger|vulnerable,5,26CE ophiuchus,/home/kali/apps/snake/design_boards/openemoji/color/svg/26CE.svg,preview-assets/26CE.svg,ophiuchus — symbole puissance dragon,moyen,très spécifique,
kombat_boss.boss_dragonGate.c6,kombat_boss,La Porte du Dragon,boss,boss_dragonGate,oui,closed|opening|danger|vulnerable,6,1F004 mahjong red dragon,/home/kali/apps/snake/design_boards/openemoji/color/svg/1F004.svg,preview-assets/1F004.svg,dragon mahjong — thème dragon boss,moyen,culturel,
kombat_boss.boss_dragonGate.c7,kombat_boss,La Porte du Dragon,boss,boss_dragonGate,oui,closed|opening|danger|vulnerable,7,2620 skull,/home/kali/apps/snake/design_boards/openemoji/color/svg/2620.svg,preview-assets/2620.svg,tête de mort — boss mortel gate,moyen,générique,
kombat_boss.boss_dragonGate.c8,kombat_boss,La Porte du Dragon,boss,boss_dragonGate,oui,closed|opening|danger|vulnerable,8,1F534 red circle,/home/kali/apps/snake/design_boards/openemoji/color/svg/1F534.svg,preview-assets/1F534.svg,cercle rouge — danger gate ouvert,moyen,trop simple,
kombat_boss.boss_dragonGate.c9,kombat_boss,La Porte du Dragon,boss,boss_dragonGate,oui,closed|opening|danger|vulnerable,9,1FAA9 mirror ball,/home/kali/apps/snake/design_boards/openemoji/color/svg/1FAA9.svg,preview-assets/1FAA9.svg,boule disco — gate ouvert brillant,faible,hors thème,
kombat_boss.boss_dragonGate.c10,kombat_boss,La Porte du Dragon,boss,boss_dragonGate,oui,closed|opening|danger|vulnerable,10,1F525 fire,/home/kali/apps/snake/design_boards/openemoji/color/svg/1F525.svg,preview-assets/1F525.svg,flamme — gate de feu dragon,moyen,confondu zone danger,
kombat_boss.pickup_finishToken.c1,kombat_boss,La Porte du Dragon,boss,pickup_finishToken,non,,1,1F409 dragon,/home/kali/apps/snake/design_boards/openemoji/color/svg/1F409.svg,preview-assets/1F409.svg,dragon — finish token boss dragon,fort,faible,
kombat_boss.pickup_finishToken.c2,kombat_boss,La Porte du Dragon,boss,pickup_finishToken,non,,2,1F432 dragon face,/home/kali/apps/snake/design_boards/openemoji/color/svg/1F432.svg,preview-assets/1F432.svg,tête dragon — token boss,fort,faible,
kombat_boss.pickup_finishToken.c3,kombat_boss,La Porte du Dragon,boss,pickup_finishToken,non,,3,2620 skull,/home/kali/apps/snake/design_boards/openemoji/color/svg/2620.svg,preview-assets/2620.svg,crâne — finish token mortel boss,fort,faible,
kombat_boss.pickup_finishToken.c4,kombat_boss,La Porte du Dragon,boss,pickup_finishToken,non,,4,2666 diamond,/home/kali/apps/snake/design_boards/openemoji/color/svg/2666.svg,preview-assets/2666.svg,carreau — token boss jeu,moyen,faible,
kombat_boss.pickup_finishToken.c5,kombat_boss,La Porte du Dragon,boss,pickup_finishToken,non,,5,1F525 fire,/home/kali/apps/snake/design_boards/openemoji/color/svg/1F525.svg,preview-assets/1F525.svg,flamme — finish en flammes,fort,confondu obstacle,
kombat_boss.pickup_finishToken.c6,kombat_boss,La Porte du Dragon,boss,pickup_finishToken,non,,6,1F3EE lantern,/home/kali/apps/snake/design_boards/openemoji/color/svg/1F3EE.svg,preview-assets/1F3EE.svg,lanterne — token asiatique boss,moyen,faible,
kombat_boss.pickup_finishToken.c7,kombat_boss,La Porte du Dragon,boss,pickup_finishToken,non,,7,1F396 medal,/home/kali/apps/snake/design_boards/openemoji/color/svg/1F396.svg,preview-assets/1F396.svg,médaille — récompense finish boss,moyen,faible,
kombat_boss.pickup_finishToken.c8,kombat_boss,La Porte du Dragon,boss,pickup_finishToken,non,,8,26CE ophiuchus,/home/kali/apps/snake/design_boards/openemoji/color/svg/26CE.svg,preview-assets/26CE.svg,ophiuchus — symbole boss puissant,moyen,trop spécifique,
kombat_boss.pickup_finishToken.c9,kombat_boss,La Porte du Dragon,boss,pickup_finishToken,non,,9,1F004 mahjong,/home/kali/apps/snake/design_boards/openemoji/color/svg/1F004.svg,preview-assets/1F004.svg,mahjong — token culturel boss,moyen,culturel,
kombat_boss.pickup_finishToken.c10,kombat_boss,La Porte du Dragon,boss,pickup_finishToken,non,,10,1F93A fencer,/home/kali/apps/snake/design_boards/openemoji/color/svg/1F93A.svg,preview-assets/1F93A.svg,escrimeur — combat finish boss,moyen,faible,
paperboy_normal.pickup_newspaper.c1,paperboy_normal,La Tournée du Livreur,normal,pickup_newspaper,non,,1,1F4F0 newspaper,/home/kali/apps/snake/design_boards/openemoji/color/svg/1F4F0.svg,preview-assets/1F4F0.svg,journal — pickup newspaper direct,fort,faible,
paperboy_normal.pickup_newspaper.c2,paperboy_normal,La Tournée du Livreur,normal,pickup_newspaper,non,,2,1F5DE rolled newspaper,/home/kali/apps/snake/design_boards/openemoji/color/svg/1F5DE.svg,preview-assets/1F5DE.svg,journal roulé — objet à lancer paperboy,fort,faible,
paperboy_normal.pickup_newspaper.c3,paperboy_normal,La Tournée du Livreur,normal,pickup_newspaper,non,,3,1F4C3 page document,/home/kali/apps/snake/design_boards/openemoji/color/svg/1F4C3.svg,preview-assets/1F4C3.svg,page — feuille journal,fort,faible,
paperboy_normal.pickup_newspaper.c4,paperboy_normal,La Tournée du Livreur,normal,pickup_newspaper,non,,4,1F4DC scroll,/home/kali/apps/snake/design_boards/openemoji/color/svg/1F4DC.svg,preview-assets/1F4DC.svg,parchemin — journal ancien livraison,moyen,faible,
paperboy_normal.pickup_newspaper.c5,paperboy_normal,La Tournée du Livreur,normal,pickup_newspaper,non,,5,1F4E6 package,/home/kali/apps/snake/design_boards/openemoji/color/svg/1F4E6.svg,preview-assets/1F4E6.svg,colis — livraison journal paquet,moyen,faible,
paperboy_normal.pickup_newspaper.c6,paperboy_normal,La Tournée du Livreur,normal,pickup_newspaper,non,,6,1F4EA closed mailbox,/home/kali/apps/snake/design_boards/openemoji/color/svg/1F4EA.svg,preview-assets/1F4EA.svg,boîte aux lettres fermée — destination journal,moyen,faible,
paperboy_normal.pickup_newspaper.c7,paperboy_normal,La Tournée du Livreur,normal,pickup_newspaper,non,,7,1F4EC open mailbox raised,/home/kali/apps/snake/design_boards/openemoji/color/svg/1F4EC.svg,preview-assets/1F4EC.svg,boîte aux lettres ouverte — livraison faite,moyen,faible,
paperboy_normal.pickup_newspaper.c8,paperboy_normal,La Tournée du Livreur,normal,pickup_newspaper,non,,8,2709 envelope,/home/kali/apps/snake/design_boards/openemoji/color/svg/2709.svg,preview-assets/2709.svg,enveloppe — courrier livraison,moyen,faible,
paperboy_normal.pickup_newspaper.c9,paperboy_normal,La Tournée du Livreur,normal,pickup_newspaper,non,,9,1F48C love letter,/home/kali/apps/snake/design_boards/openemoji/color/svg/1F48C.svg,preview-assets/1F48C.svg,lettre — message livré,faible,hors thème,
paperboy_normal.pickup_newspaper.c10,paperboy_normal,La Tournée du Livreur,normal,pickup_newspaper,non,,10,1F6D2 shopping cart,/home/kali/apps/snake/design_boards/openemoji/color/svg/1F6D2.svg,preview-assets/1F6D2.svg,chariot — livraison mobile,faible,incohérent,
paperboy_normal.target_deliveryTarget.c1,paperboy_normal,La Tournée du Livreur,normal,target_deliveryTarget,oui,highlighted|idle,1,1F3E0 house,/home/kali/apps/snake/design_boards/openemoji/color/svg/1F3E0.svg,preview-assets/1F3E0.svg,maison — destination livraison directe,fort,faible,
paperboy_normal.target_deliveryTarget.c2,paperboy_normal,La Tournée du Livreur,normal,target_deliveryTarget,oui,highlighted|idle,2,1F4EA closed mailbox,/home/kali/apps/snake/design_boards/openemoji/color/svg/1F4EA.svg,preview-assets/1F4EA.svg,boîte aux lettres fermée — livraison idle,fort,faible,c3
paperboy_normal.target_deliveryTarget.c3,paperboy_normal,La Tournée du Livreur,normal,target_deliveryTarget,oui,highlighted|idle,3,1F4EC open mailbox,/home/kali/apps/snake/design_boards/openemoji/color/svg/1F4EC.svg,preview-assets/1F4EC.svg,boîte ouverte — livraison highlighted active,fort,faible,c2
paperboy_normal.target_deliveryTarget.c4,paperboy_normal,La Tournée du Livreur,normal,target_deliveryTarget,oui,highlighted|idle,4,1F4CD pushpin,/home/kali/apps/snake/design_boards/openemoji/color/svg/1F4CD.svg,preview-assets/1F4CD.svg,épingle — marqueur destination,fort,faible,
paperboy_normal.target_deliveryTarget.c5,paperboy_normal,La Tournée du Livreur,normal,target_deliveryTarget,oui,highlighted|idle,5,1F6AA door,/home/kali/apps/snake/design_boards/openemoji/color/svg/1F6AA.svg,preview-assets/1F6AA.svg,porte — entrée maison livraison,moyen,faible,
paperboy_normal.target_deliveryTarget.c6,paperboy_normal,La Tournée du Livreur,normal,target_deliveryTarget,oui,highlighted|idle,6,1F4E6 package,/home/kali/apps/snake/design_boards/openemoji/color/svg/1F4E6.svg,preview-assets/1F4E6.svg,colis — livraison reçue highlighted,moyen,faible,
paperboy_normal.target_deliveryTarget.c7,paperboy_normal,La Tournée du Livreur,normal,target_deliveryTarget,oui,highlighted|idle,7,1F4EB mailbox with mail,/home/kali/apps/snake/design_boards/openemoji/color/svg/1F4EB.svg,preview-assets/1F4EB.svg,boîte avec courrier — livraison en attente,moyen,faible,
paperboy_normal.target_deliveryTarget.c8,paperboy_normal,La Tournée du Livreur,normal,target_deliveryTarget,oui,highlighted|idle,8,2709 envelope,/home/kali/apps/snake/design_boards/openemoji/color/svg/2709.svg,preview-assets/2709.svg,enveloppe — courrier livraison cible,moyen,faible,
paperboy_normal.target_deliveryTarget.c9,paperboy_normal,La Tournée du Livreur,normal,target_deliveryTarget,oui,highlighted|idle,9,1F69A delivery truck,/home/kali/apps/snake/design_boards/openemoji/color/svg/1F69A.svg,preview-assets/1F69A.svg,camion livraison — cible pro,faible,trop grand,
paperboy_normal.target_deliveryTarget.c10,paperboy_normal,La Tournée du Livreur,normal,target_deliveryTarget,oui,highlighted|idle,10,1F3AF bullseye,/home/kali/apps/snake/design_boards/openemoji/color/svg/1F3AF.svg,preview-assets/1F3AF.svg,cible — target livraison,moyen,générique,
paperboy_normal.obstacle_routeObstacle.c1,paperboy_normal,La Tournée du Livreur,normal,obstacle_routeObstacle,non,,1,1F6A7 construction sign,/home/kali/apps/snake/design_boards/openemoji/color/svg/1F6A7.svg,preview-assets/1F6A7.svg,panneaux chantier — route barrée obstacle,fort,faible,
paperboy_normal.obstacle_routeObstacle.c2,paperboy_normal,La Tournée du Livreur,normal,obstacle_routeObstacle,non,,2,1F9F1 brick,/home/kali/apps/snake/design_boards/openemoji/color/svg/1F9F1.svg,preview-assets/1F9F1.svg,brique — mur obstacle route,fort,faible,
paperboy_normal.obstacle_routeObstacle.c3,paperboy_normal,La Tournée du Livreur,normal,obstacle_routeObstacle,non,,3,1F6D1 stop sign,/home/kali/apps/snake/design_boards/openemoji/color/svg/1F6D1.svg,preview-assets/1F6D1.svg,stop — obstacle arrêt,fort,faible,
paperboy_normal.obstacle_routeObstacle.c4,paperboy_normal,La Tournée du Livreur,normal,obstacle_routeObstacle,non,,4,26A0 warning,/home/kali/apps/snake/design_boards/openemoji/color/svg/26A0.svg,preview-assets/26A0.svg,danger — obstacle signalé,fort,faible,
paperboy_normal.obstacle_routeObstacle.c5,paperboy_normal,La Tournée du Livreur,normal,obstacle_routeObstacle,non,,5,1F698 car,/home/kali/apps/snake/design_boards/openemoji/color/svg/1F698.svg,preview-assets/1F698.svg,voiture garée — obstacle route,moyen,confondu traffic,
paperboy_normal.obstacle_routeObstacle.c6,paperboy_normal,La Tournée du Livreur,normal,obstacle_routeObstacle,non,,6,1F69B truck,/home/kali/apps/snake/design_boards/openemoji/color/svg/1F69B.svg,preview-assets/1F69B.svg,camion livraison garée — obstacle lourd,moyen,faible,
paperboy_normal.obstacle_routeObstacle.c7,paperboy_normal,La Tournée du Livreur,normal,obstacle_routeObstacle,non,,7,1FA96 military helmet,/home/kali/apps/snake/design_boards/openemoji/color/svg/1FA96.svg,preview-assets/1FA96.svg,casque — obstacle combatif,faible,hors thème,
paperboy_normal.obstacle_routeObstacle.c8,paperboy_normal,La Tournée du Livreur,normal,obstacle_routeObstacle,non,,8,26AB black circle,/home/kali/apps/snake/design_boards/openemoji/color/svg/26AB.svg,preview-assets/26AB.svg,cercle noir — obstacle simple,faible,trop générique,
paperboy_normal.obstacle_routeObstacle.c9,paperboy_normal,La Tournée du Livreur,normal,obstacle_routeObstacle,non,,9,1F6A8 police light,/home/kali/apps/snake/design_boards/openemoji/color/svg/1F6A8.svg,preview-assets/1F6A8.svg,gyrophare — zone barrée police,moyen,faible,
paperboy_normal.obstacle_routeObstacle.c10,paperboy_normal,La Tournée du Livreur,normal,obstacle_routeObstacle,non,,10,1F306 city dusk,/home/kali/apps/snake/design_boards/openemoji/color/svg/1F306.svg,preview-assets/1F306.svg,paysage urbain — contexte route,faible,trop contextuel,
paperboy_boss.boss_chaosObstacle.c1,paperboy_boss,Le Chaos du Quartier,boss,boss_chaosObstacle,non,,1,1F47A goblin,/home/kali/apps/snake/design_boards/openemoji/color/svg/1F47A.svg,preview-assets/1F47A.svg,gobelin — chaos obstacle comique mobile,fort,faible,
paperboy_boss.boss_chaosObstacle.c2,paperboy_boss,Le Chaos du Quartier,boss,boss_chaosObstacle,non,,2,1F9DF zombie,/home/kali/apps/snake/design_boards/openemoji/color/svg/1F9DF.svg,preview-assets/1F9DF.svg,zombie — obstacle chaotique errant,fort,faible,
paperboy_boss.boss_chaosObstacle.c3,paperboy_boss,Le Chaos du Quartier,boss,boss_chaosObstacle,non,,3,1F4A8 dashing,/home/kali/apps/snake/design_boards/openemoji/color/svg/1F4A8.svg,preview-assets/1F4A8.svg,rush — mouvement rapide chaos,fort,faible,
paperboy_boss.boss_chaosObstacle.c4,paperboy_boss,Le Chaos du Quartier,boss,boss_chaosObstacle,non,,4,1F4A5 collision,/home/kali/apps/snake/design_boards/openemoji/color/svg/1F4A5.svg,preview-assets/1F4A5.svg,collision — impact chaos direct,fort,confondu vfx,
paperboy_boss.boss_chaosObstacle.c5,paperboy_boss,Le Chaos du Quartier,boss,boss_chaosObstacle,non,,5,1F6A7 construction,/home/kali/apps/snake/design_boards/openemoji/color/svg/1F6A7.svg,preview-assets/1F6A7.svg,chantier — chaos urbain obstacles,moyen,faible,
paperboy_boss.boss_chaosObstacle.c6,paperboy_boss,Le Chaos du Quartier,boss,boss_chaosObstacle,non,,6,1FA96 helmet,/home/kali/apps/snake/design_boards/openemoji/color/svg/1FA96.svg,preview-assets/1FA96.svg,casque — ouvrier chaos chantier,moyen,faible,
paperboy_boss.boss_chaosObstacle.c7,paperboy_boss,Le Chaos du Quartier,boss,boss_chaosObstacle,non,,7,1F9F1 brick,/home/kali/apps/snake/design_boards/openemoji/color/svg/1F9F1.svg,preview-assets/1F9F1.svg,brique volante — chaos construction,moyen,faible,
paperboy_boss.boss_chaosObstacle.c8,paperboy_boss,Le Chaos du Quartier,boss,boss_chaosObstacle,non,,8,26A0 warning,/home/kali/apps/snake/design_boards/openemoji/color/svg/26A0.svg,preview-assets/26A0.svg,danger — obstacle chaos signalé,moyen,faible,
paperboy_boss.boss_chaosObstacle.c9,paperboy_boss,Le Chaos du Quartier,boss,boss_chaosObstacle,non,,9,1F47B ghost,/home/kali/apps/snake/design_boards/openemoji/color/svg/1F47B.svg,preview-assets/1F47B.svg,fantôme — chaos fantomatique,faible,hors thème,
paperboy_boss.boss_chaosObstacle.c10,paperboy_boss,Le Chaos du Quartier,boss,boss_chaosObstacle,non,,10,1F525 fire,/home/kali/apps/snake/design_boards/openemoji/color/svg/1F525.svg,preview-assets/1F525.svg,flamme — chaos enflammé,moyen,confondu danger,
paperboy_boss.target_bossTarget.c1,paperboy_boss,Le Chaos du Quartier,boss,target_bossTarget,oui,highlighted|idle,1,1F3E0 house,/home/kali/apps/snake/design_boards/openemoji/color/svg/1F3E0.svg,preview-assets/1F3E0.svg,maison — cible boss livraison,fort,faible,
paperboy_boss.target_bossTarget.c2,paperboy_boss,Le Chaos du Quartier,boss,target_bossTarget,oui,highlighted|idle,2,1F4EA mailbox closed,/home/kali/apps/snake/design_boards/openemoji/color/svg/1F4EA.svg,preview-assets/1F4EA.svg,boîte fermée — boss idle,fort,faible,c3
paperboy_boss.target_bossTarget.c3,paperboy_boss,Le Chaos du Quartier,boss,target_bossTarget,oui,highlighted|idle,3,1F4EC mailbox open,/home/kali/apps/snake/design_boards/openemoji/color/svg/1F4EC.svg,preview-assets/1F4EC.svg,boîte ouverte — boss highlighted,fort,faible,c2
paperboy_boss.target_bossTarget.c4,paperboy_boss,Le Chaos du Quartier,boss,target_bossTarget,oui,highlighted|idle,4,1F4CD pushpin,/home/kali/apps/snake/design_boards/openemoji/color/svg/1F4CD.svg,preview-assets/1F4CD.svg,épingle — marqueur cible boss,fort,faible,
paperboy_boss.target_bossTarget.c5,paperboy_boss,Le Chaos du Quartier,boss,target_bossTarget,oui,highlighted|idle,5,1F6AA door,/home/kali/apps/snake/design_boards/openemoji/color/svg/1F6AA.svg,preview-assets/1F6AA.svg,porte — entrée cible boss,moyen,faible,
paperboy_boss.target_bossTarget.c6,paperboy_boss,Le Chaos du Quartier,boss,target_bossTarget,oui,highlighted|idle,6,1F4E6 package,/home/kali/apps/snake/design_boards/openemoji/color/svg/1F4E6.svg,preview-assets/1F4E6.svg,colis — livraison boss reçue,moyen,faible,
paperboy_boss.target_bossTarget.c7,paperboy_boss,Le Chaos du Quartier,boss,target_bossTarget,oui,highlighted|idle,7,1F4EB mailbox flag up,/home/kali/apps/snake/design_boards/openemoji/color/svg/1F4EB.svg,preview-assets/1F4EB.svg,boîte avec courrier — cible boss,moyen,faible,
paperboy_boss.target_bossTarget.c8,paperboy_boss,Le Chaos du Quartier,boss,target_bossTarget,oui,highlighted|idle,8,2709 envelope,/home/kali/apps/snake/design_boards/openemoji/color/svg/2709.svg,preview-assets/2709.svg,enveloppe — livraison boss,moyen,faible,
paperboy_boss.target_bossTarget.c9,paperboy_boss,Le Chaos du Quartier,boss,target_bossTarget,oui,highlighted|idle,9,1F3AF bullseye,/home/kali/apps/snake/design_boards/openemoji/color/svg/1F3AF.svg,preview-assets/1F3AF.svg,cible — boss target générique,moyen,générique,
paperboy_boss.target_bossTarget.c10,paperboy_boss,Le Chaos du Quartier,boss,target_bossTarget,oui,highlighted|idle,10,1F69A truck,/home/kali/apps/snake/design_boards/openemoji/color/svg/1F69A.svg,preview-assets/1F69A.svg,camion — livraison boss massive,faible,trop grand,
paperboy_boss.pickup_newspaper.c1,paperboy_boss,Le Chaos du Quartier,boss,pickup_newspaper,non,,1,1F4F0 newspaper,/home/kali/apps/snake/design_boards/openemoji/color/svg/1F4F0.svg,preview-assets/1F4F0.svg,journal — pickup boss paperboy,fort,faible,
paperboy_boss.pickup_newspaper.c2,paperboy_boss,Le Chaos du Quartier,boss,pickup_newspaper,non,,2,1F5DE rolled newspaper,/home/kali/apps/snake/design_boards/openemoji/color/svg/1F5DE.svg,preview-assets/1F5DE.svg,journal roulé — objet boss,fort,faible,
paperboy_boss.pickup_newspaper.c3,paperboy_boss,Le Chaos du Quartier,boss,pickup_newspaper,non,,3,1F4C3 page,/home/kali/apps/snake/design_boards/openemoji/color/svg/1F4C3.svg,preview-assets/1F4C3.svg,page — feuille journal boss,fort,faible,
paperboy_boss.pickup_newspaper.c4,paperboy_boss,Le Chaos du Quartier,boss,pickup_newspaper,non,,4,1F4DC scroll,/home/kali/apps/snake/design_boards/openemoji/color/svg/1F4DC.svg,preview-assets/1F4DC.svg,parchemin — journal boss,moyen,faible,
paperboy_boss.pickup_newspaper.c5,paperboy_boss,Le Chaos du Quartier,boss,pickup_newspaper,non,,5,1F4E6 package,/home/kali/apps/snake/design_boards/openemoji/color/svg/1F4E6.svg,preview-assets/1F4E6.svg,colis — livraison boss,moyen,faible,
paperboy_boss.pickup_newspaper.c6,paperboy_boss,Le Chaos du Quartier,boss,pickup_newspaper,non,,6,1F4EA mailbox,/home/kali/apps/snake/design_boards/openemoji/color/svg/1F4EA.svg,preview-assets/1F4EA.svg,boîte — destination boss,moyen,faible,
paperboy_boss.pickup_newspaper.c7,paperboy_boss,Le Chaos du Quartier,boss,pickup_newspaper,non,,7,1F4EC open mailbox,/home/kali/apps/snake/design_boards/openemoji/color/svg/1F4EC.svg,preview-assets/1F4EC.svg,boîte ouverte — livraison boss faite,moyen,faible,
paperboy_boss.pickup_newspaper.c8,paperboy_boss,Le Chaos du Quartier,boss,pickup_newspaper,non,,8,2709 envelope,/home/kali/apps/snake/design_boards/openemoji/color/svg/2709.svg,preview-assets/2709.svg,enveloppe — courrier boss,moyen,faible,
paperboy_boss.pickup_newspaper.c9,paperboy_boss,Le Chaos du Quartier,boss,pickup_newspaper,non,,9,1F48C love letter,/home/kali/apps/snake/design_boards/openemoji/color/svg/1F48C.svg,preview-assets/1F48C.svg,lettre — message boss,faible,hors thème,
paperboy_boss.pickup_newspaper.c10,paperboy_boss,Le Chaos du Quartier,boss,pickup_newspaper,non,,10,1F6D2 cart,/home/kali/apps/snake/design_boards/openemoji/color/svg/1F6D2.svg,preview-assets/1F6D2.svg,chariot — livraison boss mobile,faible,incohérent,
