original_path,new_path,original_size_kb,new_size_kb,savings_kb,savings_percent,original_dimensions,new_dimensions,format_action,backup_path,notes
public/assets/ui/paperboy/paperboy_boss_system_bg.png,public/assets/ui/paperboy/paperboy_boss_system_bg.webp,2846.7,163.3,2683.4,94.3,941x1672,608x1080,PNG_to_WebP_lossy_q82+resize,/home/kali/apps/snake_asset_backups/patch-1119/20260602-130716/public/assets/ui/paperboy/paperboy_boss_system_bg.png,
public/assets/ui/paperboy/paperboy_clear_bg.png,public/assets/ui/paperboy/paperboy_clear_bg.webp,1914.2,86.6,1827.6,95.5,941x1672,608x1080,PNG_to_WebP_lossy_q82+resize,/home/kali/apps/snake_asset_backups/patch-1119/20260602-130716/public/assets/ui/paperboy/paperboy_clear_bg.png,
public/assets/ui/paperboy/paperboy_game_over_bg.png,public/assets/ui/paperboy/paperboy_game_over_bg.webp,1480.9,25.6,1455.3,98.3,941x1672,608x1080,PNG_to_WebP_lossy_q82+resize,/home/kali/apps/snake_asset_backups/patch-1119/20260602-130716/public/assets/ui/paperboy/paperboy_game_over_bg.png,
public/assets/ui/paperboy/paperboy_gameplay_bg.png,public/assets/ui/paperboy/paperboy_gameplay_bg.webp,2033.4,69.1,1964.3,96.6,941x1672,608x1080,PNG_to_WebP_lossy_q82+resize,/home/kali/apps/snake_asset_backups/patch-1119/20260602-130716/public/assets/ui/paperboy/paperboy_gameplay_bg.png,
public/assets/ui/paperboy/paperboy_system_bg.png,public/assets/ui/paperboy/paperboy_system_bg.webp,2056.6,84.0,1972.6,95.9,941x1672,608x1080,PNG_to_WebP_lossy_q82+resize,/home/kali/apps/snake_asset_backups/patch-1119/20260602-130716/public/assets/ui/paperboy/paperboy_system_bg.png,
public/assets/ui/kombat/kombat_boss_system_bg.png,public/assets/ui/kombat/kombat_boss_system_bg.webp,2167.4,85.1,2082.3,96.1,941x1672,608x1080,PNG_to_WebP_lossy_q82+resize,/home/kali/apps/snake_asset_backups/patch-1119/20260602-130716/public/assets/ui/kombat/kombat_boss_system_bg.png,
public/assets/ui/kombat/kombat_clear_bg.png,public/assets/ui/kombat/kombat_clear_bg.webp,2084.1,79.5,2004.6,96.2,941x1672,608x1080,PNG_to_WebP_lossy_q82+resize,/home/kali/apps/snake_asset_backups/patch-1119/20260602-130716/public/assets/ui/kombat/kombat_clear_bg.png,
public/assets/ui/kombat/kombat_game_over_bg.png,public/assets/ui/kombat/kombat_game_over_bg.webp,1807.5,40.4,1767.1,97.8,941x1672,608x1080,PNG_to_WebP_lossy_q82+resize,/home/kali/apps/snake_asset_backups/patch-1119/20260602-130716/public/assets/ui/kombat/kombat_game_over_bg.png,
public/assets/ui/kombat/kombat_gameplay_bg.png,public/assets/ui/kombat/kombat_gameplay_bg.webp,1549.6,24.1,1525.5,98.4,941x1672,608x1080,PNG_to_WebP_lossy_q82+resize,/home/kali/apps/snake_asset_backups/patch-1119/20260602-130716/public/assets/ui/kombat/kombat_gameplay_bg.png,
public/assets/ui/kombat/kombat_system_bg.png,public/assets/ui/kombat/kombat_system_bg.webp,1744.8,40.8,1704.0,97.7,941x1672,608x1080,PNG_to_WebP_lossy_q82+resize,/home/kali/apps/snake_asset_backups/patch-1119/20260602-130716/public/assets/ui/kombat/kombat_system_bg.png,
public/assets/ui/title/title_hub_bg.png,public/assets/ui/title/title_hub_bg.webp,1886.2,76.1,1810.1,96.0,941x1672,608x1080,PNG_to_WebP_lossy_q82+resize,/home/kali/apps/snake_asset_backups/patch-1119/20260602-130716/public/assets/ui/title/title_hub_bg.png,
public/assets/ui/worldmap/world_map_minimap_16_9.png,public/assets/ui/worldmap/world_map_minimap_16_9.webp,2827.3,182.3,2645.0,93.6,1672x941,1080x608,PNG_to_WebP_lossy_q82+resize,/home/kali/apps/snake_asset_backups/patch-1119/20260602-130716/public/assets/ui/worldmap/world_map_minimap_16_9.png,
public/assets/ui/fighter/fighter_boss_system_bg.png,public/assets/ui/fighter/fighter_boss_system_bg.webp,2535.1,122.2,2412.9,95.2,941x1672,608x1080,PNG_to_WebP_lossy_q82+resize,/home/kali/apps/snake_asset_backups/patch-1119/20260602-130716/public/assets/ui/fighter/fighter_boss_system_bg.png,
public/assets/ui/fighter/fighter_clear_bg.png,public/assets/ui/fighter/fighter_clear_bg.webp,2241.1,119.1,2122.0,94.7,941x1672,608x1080,PNG_to_WebP_lossy_q82+resize,/home/kali/apps/snake_asset_backups/patch-1119/20260602-130716/public/assets/ui/fighter/fighter_clear_bg.png,
public/assets/ui/fighter/fighter_game_over_bg.png,public/assets/ui/fighter/fighter_game_over_bg.webp,1903.2,63.3,1839.9,96.7,941x1672,608x1080,PNG_to_WebP_lossy_q82+resize,/home/kali/apps/snake_asset_backups/patch-1119/20260602-130716/public/assets/ui/fighter/fighter_game_over_bg.png,
public/assets/ui/fighter/fighter_gameplay_bg.png,public/assets/ui/fighter/fighter_gameplay_bg.webp,2365.2,115.8,2249.4,95.1,941x1672,608x1080,PNG_to_WebP_lossy_q82+resize,/home/kali/apps/snake_asset_backups/patch-1119/20260602-130716/public/assets/ui/fighter/fighter_gameplay_bg.png,
public/assets/ui/fighter/fighter_system_bg.png,public/assets/ui/fighter/fighter_system_bg.webp,2517.4,146.1,2371.3,94.2,941x1672,608x1080,PNG_to_WebP_lossy_q82+resize,/home/kali/apps/snake_asset_backups/patch-1119/20260602-130716/public/assets/ui/fighter/fighter_system_bg.png,
public/assets/ui/streets/streets_boss_system_bg.png,public/assets/ui/streets/streets_boss_system_bg.webp,2252.7,94.9,2157.8,95.8,941x1672,608x1080,PNG_to_WebP_lossy_q82+resize,/home/kali/apps/snake_asset_backups/patch-1119/20260602-130716/public/assets/ui/streets/streets_boss_system_bg.png,
public/assets/ui/streets/streets_clear_bg.png,public/assets/ui/streets/streets_clear_bg.webp,2478.4,127.3,2351.1,94.9,941x1672,608x1080,PNG_to_WebP_lossy_q82+resize,/home/kali/apps/snake_asset_backups/patch-1119/20260602-130716/public/assets/ui/streets/streets_clear_bg.png,
public/assets/ui/streets/streets_game_over_bg.png,public/assets/ui/streets/streets_game_over_bg.webp,1882.0,55.4,1826.6,97.1,941x1672,608x1080,PNG_to_WebP_lossy_q82+resize,/home/kali/apps/snake_asset_backups/patch-1119/20260602-130716/public/assets/ui/streets/streets_game_over_bg.png,
public/assets/ui/streets/streets_gameplay_bg.png,public/assets/ui/streets/streets_gameplay_bg.webp,1957.2,56.2,1901.0,97.1,941x1672,608x1080,PNG_to_WebP_lossy_q82+resize,/home/kali/apps/snake_asset_backups/patch-1119/20260602-130716/public/assets/ui/streets/streets_gameplay_bg.png,
public/assets/ui/streets/streets_system_bg.png,public/assets/ui/streets/streets_system_bg.webp,2476.8,104.3,2372.5,95.8,941x1672,608x1080,PNG_to_WebP_lossy_q82+resize,/home/kali/apps/snake_asset_backups/patch-1119/20260602-130716/public/assets/ui/streets/streets_system_bg.png,
public/assets/ui/castle/castle_boss_system_bg.png,public/assets/ui/castle/castle_boss_system_bg.webp,2192.0,79.2,2112.8,96.4,941x1672,608x1080,PNG_to_WebP_lossy_q82+resize,/home/kali/apps/snake_asset_backups/patch-1119/20260602-130716/public/assets/ui/castle/castle_boss_system_bg.png,
public/assets/ui/castle/castle_clear_bg.png,public/assets/ui/castle/castle_clear_bg.webp,2432.8,125.1,2307.7,94.9,941x1672,608x1080,PNG_to_WebP_lossy_q82+resize,/home/kali/apps/snake_asset_backups/patch-1119/20260602-130716/public/assets/ui/castle/castle_clear_bg.png,
public/assets/ui/castle/castle_game_over_bg.png,public/assets/ui/castle/castle_game_over_bg.webp,1910.6,54.5,1856.1,97.1,941x1672,608x1080,PNG_to_WebP_lossy_q82+resize,/home/kali/apps/snake_asset_backups/patch-1119/20260602-130716/public/assets/ui/castle/castle_game_over_bg.png,
public/assets/ui/castle/castle_gameplay_bg.png,public/assets/ui/castle/castle_gameplay_bg.webp,1598.4,40.8,1557.6,97.4,941x1672,608x1080,PNG_to_WebP_lossy_q82+resize,/home/kali/apps/snake_asset_backups/patch-1119/20260602-130716/public/assets/ui/castle/castle_gameplay_bg.png,
public/assets/ui/castle/castle_system_bg.png,public/assets/ui/castle/castle_system_bg.webp,2111.8,80.1,2031.7,96.2,941x1672,608x1080,PNG_to_WebP_lossy_q82+resize,/home/kali/apps/snake_asset_backups/patch-1119/20260602-130716/public/assets/ui/castle/castle_system_bg.png,
public/assets/ui/sonic/sonic_boss_system_bg.png,public/assets/ui/sonic/sonic_boss_system_bg.webp,2243.7,119.0,2124.7,94.7,941x1672,608x1080,PNG_to_WebP_lossy_q82+resize,/home/kali/apps/snake_asset_backups/patch-1119/20260602-130716/public/assets/ui/sonic/sonic_boss_system_bg.png,
public/assets/ui/sonic/sonic_clear_bg.png,public/assets/ui/sonic/sonic_clear_bg.webp,1963.0,95.0,1868.0,95.2,941x1672,608x1080,PNG_to_WebP_lossy_q82+resize,/home/kali/apps/snake_asset_backups/patch-1119/20260602-130716/public/assets/ui/sonic/sonic_clear_bg.png,
public/assets/ui/sonic/sonic_game_over_bg.png,public/assets/ui/sonic/sonic_game_over_bg.webp,1497.7,20.8,1476.9,98.6,941x1672,608x1080,PNG_to_WebP_lossy_q82+resize,/home/kali/apps/snake_asset_backups/patch-1119/20260602-130716/public/assets/ui/sonic/sonic_game_over_bg.png,
public/assets/ui/sonic/sonic_gameplay_bg.png,public/assets/ui/sonic/sonic_gameplay_bg.webp,1780.9,66.6,1714.3,96.3,941x1672,608x1080,PNG_to_WebP_lossy_q82+resize,/home/kali/apps/snake_asset_backups/patch-1119/20260602-130716/public/assets/ui/sonic/sonic_gameplay_bg.png,
public/assets/ui/sonic/sonic_system_bg.png,public/assets/ui/sonic/sonic_system_bg.webp,1971.7,95.5,1876.2,95.2,941x1672,608x1080,PNG_to_WebP_lossy_q82+resize,/home/kali/apps/snake_asset_backups/patch-1119/20260602-130716/public/assets/ui/sonic/sonic_system_bg.png,
public/assets/ui/outrun/outrun_boss_system_bg.png,public/assets/ui/outrun/outrun_boss_system_bg.webp,2604.8,146.1,2458.7,94.4,941x1672,608x1080,PNG_to_WebP_lossy_q82+resize,/home/kali/apps/snake_asset_backups/patch-1119/20260602-130716/public/assets/ui/outrun/outrun_boss_system_bg.png,
public/assets/ui/outrun/outrun_clear_bg.png,public/assets/ui/outrun/outrun_clear_bg.webp,2297.9,94.4,2203.5,95.9,941x1672,608x1080,PNG_to_WebP_lossy_q82+resize,/home/kali/apps/snake_asset_backups/patch-1119/20260602-130716/public/assets/ui/outrun/outrun_clear_bg.png,
public/assets/ui/outrun/outrun_game_over_bg.png,public/assets/ui/outrun/outrun_game_over_bg.webp,1758.5,26.0,1732.5,98.5,941x1672,608x1080,PNG_to_WebP_lossy_q82+resize,/home/kali/apps/snake_asset_backups/patch-1119/20260602-130716/public/assets/ui/outrun/outrun_game_over_bg.png,
public/assets/ui/outrun/outrun_gameplay_bg.png,public/assets/ui/outrun/outrun_gameplay_bg.webp,1659.4,19.8,1639.6,98.8,941x1672,608x1080,PNG_to_WebP_lossy_q82+resize,/home/kali/apps/snake_asset_backups/patch-1119/20260602-130716/public/assets/ui/outrun/outrun_gameplay_bg.png,
public/assets/ui/outrun/outrun_system_bg.png,public/assets/ui/outrun/outrun_system_bg.webp,1990.7,73.4,1917.3,96.3,941x1672,608x1080,PNG_to_WebP_lossy_q82+resize,/home/kali/apps/snake_asset_backups/patch-1119/20260602-130716/public/assets/ui/outrun/outrun_system_bg.png,
public/assets/ui/shinobi/shinobi_boss_system_bg.png,public/assets/ui/shinobi/shinobi_boss_system_bg.webp,2503.0,115.7,2387.3,95.4,941x1672,608x1080,PNG_to_WebP_lossy_q82+resize,/home/kali/apps/snake_asset_backups/patch-1119/20260602-130716/public/assets/ui/shinobi/shinobi_boss_system_bg.png,
public/assets/ui/shinobi/shinobi_clear_bg.png,public/assets/ui/shinobi/shinobi_clear_bg.webp,2136.9,98.3,2038.6,95.4,941x1672,608x1080,PNG_to_WebP_lossy_q82+resize,/home/kali/apps/snake_asset_backups/patch-1119/20260602-130716/public/assets/ui/shinobi/shinobi_clear_bg.png,
public/assets/ui/shinobi/shinobi_game_over_bg.png,public/assets/ui/shinobi/shinobi_game_over_bg.webp,1574.9,39.0,1535.9,97.5,941x1672,608x1080,PNG_to_WebP_lossy_q82+resize,/home/kali/apps/snake_asset_backups/patch-1119/20260602-130716/public/assets/ui/shinobi/shinobi_game_over_bg.png,
public/assets/ui/shinobi/shinobi_gameplay_bg.png,public/assets/ui/shinobi/shinobi_gameplay_bg.webp,1597.0,35.1,1561.9,97.8,941x1672,608x1080,PNG_to_WebP_lossy_q82+resize,/home/kali/apps/snake_asset_backups/patch-1119/20260602-130716/public/assets/ui/shinobi/shinobi_gameplay_bg.png,
public/assets/ui/shinobi/shinobi_system_bg.png,public/assets/ui/shinobi/shinobi_system_bg.webp,2174.4,86.4,2088.0,96.0,941x1672,608x1080,PNG_to_WebP_lossy_q82+resize,/home/kali/apps/snake_asset_backups/patch-1119/20260602-130716/public/assets/ui/shinobi/shinobi_system_bg.png,
public/assets/map/world_map.png,public/assets/map/world_map.webp,2807.0,250.7,2556.3,91.1,1448x1086,1080x810,PNG_to_WebP_lossy_q82+resize,/home/kali/apps/snake_asset_backups/patch-1119/20260602-130716/public/assets/map/world_map.png,
