asset_path,category,original_backup_path,original_format,original_dimensions,original_size_kb,optimized_1119_format,optimized_1119_size_kb,optimized_1121_format,optimized_1121_size_kb,selected_format,selected_dimensions,selected_quality,selected_size_kb,action,reason,visual_priority
map/world_map.webp,WorldMap,snake_asset_backups/patch-1119/20260602-130716/public/assets/map/world_map.png,PNG,1448x1086,2807.0,WebP,250.7,WebP,443.5,WebP,1448x1086,q98,793.1,reprocessed_full_res,Pleine résolution restaurée — carte détaillée q96 encore trop flou sur mobile; q98 pleine res conserve tous les détails géographiques,CRITICAL
ui/worldmap/world_map_minimap_16_9.webp,Minimap,snake_asset_backups/patch-1119/20260602-130716/public/assets/ui/worldmap/world_map_minimap_16_9.png,PNG,1672x941,2827.3,WebP,182.3,WebP,333.2,WebP,1672x941,q98,793.2,reprocessed_full_res,Pleine résolution restaurée — minimap WorldMap perd ses labels et détails à 1080×608; 1672×941 q98 rétablit la netteté,CRITICAL
ui/shinobi/shinobi_boss_system_bg.webp,Boss screen,snake_asset_backups/patch-1119/20260602-130716/public/assets/ui/shinobi/shinobi_boss_system_bg.png,PNG,941x1672,2503.0,WebP,115.7,WebP,237.7,WebP,941x1672,q98,632.4,reprocessed_full_res,Pleine résolution restaurée — personnage Shinobi perdait ses détails fins à 608×1080; 941×1672 q98 rétablit la qualité,CRITICAL
ui/fighter/fighter_boss_system_bg.webp,Boss screen,snake_asset_backups/patch-1119/20260602-130716/public/assets/ui/fighter/fighter_boss_system_bg.png,PNG,941x1672,2535.1,WebP,122.2,WebP,234.8,WebP,941x1672,q98,618.4,reprocessed_full_res,Pleine résolution restaurée — illustration détaillée combat; 941×1672 q98 préserve les détails,CRITICAL
ui/kombat/kombat_boss_system_bg.webp,Boss screen,snake_asset_backups/patch-1119/20260602-130716/public/assets/ui/kombat/kombat_boss_system_bg.png,PNG,941x1672,2167.4,WebP,85.1,WebP,181.4,WebP,941x1672,q98,491.0,reprocessed_full_res,Pleine résolution restaurée — illustration boss Kombat; 941×1672 q98,HIGH
ui/streets/streets_boss_system_bg.webp,Boss screen,snake_asset_backups/patch-1119/20260602-130716/public/assets/ui/streets/streets_boss_system_bg.png,PNG,941x1672,2252.7,WebP,94.9,WebP,190.3,WebP,941x1672,q98,512.1,reprocessed_full_res,Pleine résolution restaurée — illustration boss Streets; 941×1672 q98,HIGH
ui/castle/castle_boss_system_bg.webp,Boss screen,snake_asset_backups/patch-1119/20260602-130716/public/assets/ui/castle/castle_boss_system_bg.png,PNG,941x1672,2192.0,WebP,79.2,WebP,170.0,WebP,941x1672,q98,466.3,reprocessed_full_res,Pleine résolution restaurée — illustration boss Castle; 941×1672 q98,HIGH
ui/sonic/sonic_boss_system_bg.webp,Boss screen,snake_asset_backups/patch-1119/20260602-130716/public/assets/ui/sonic/sonic_boss_system_bg.png,PNG,941x1672,2243.7,WebP,119.0,WebP,206.1,WebP,941x1672,q98,497.1,reprocessed_full_res,Pleine résolution restaurée — illustration boss Sonic; 941×1672 q98,HIGH
ui/outrun/outrun_boss_system_bg.webp,Boss screen,snake_asset_backups/patch-1119/20260602-130716/public/assets/ui/outrun/outrun_boss_system_bg.png,PNG,941x1672,2604.8,WebP,146.1,WebP,247.7,WebP,941x1672,q98,637.0,reprocessed_full_res,Pleine résolution restaurée — illustration boss OutRun; 941×1672 q98,HIGH
ui/paperboy/paperboy_boss_system_bg.webp,Boss screen,snake_asset_backups/patch-1119/20260602-130716/public/assets/ui/paperboy/paperboy_boss_system_bg.png,PNG,941x1672,2846.7,WebP,163.3,WebP,288.1,WebP,941x1672,q98,734.8,reprocessed_full_res,Pleine résolution restaurée — illustration boss Paperboy; 941×1672 q98,HIGH
